CustomerID,Churn Probability,Risk Level,Retention Flag,Contract,Tenure Months,Internet Service,Monthly Charges,Total Charges,Payment Method,Dependents,Online Security,Tech Support,Actual Churn
5178-LMXOP,0.8834,High Risk,Yes,Month-to-month,1,Fiber optic,95.1,95.1,Electronic check,No,No,No,1
6630-UJZMY,0.8573,High Risk,Yes,Month-to-month,4,Fiber optic,83.25,308.05,Electronic check,No,No,No,0
6861-XWTWQ,0.8529,High Risk,Yes,Month-to-month,7,Fiber optic,99.25,665.45,Electronic check,No,No,No,1
0295-PPHDO,0.8445,High Risk,Yes,Month-to-month,1,Fiber optic,95.45,95.45,Electronic check,No,No,No,1
7181-BQYBV,0.8395,High Risk,Yes,Month-to-month,1,Fiber optic,102.45,102.45,Electronic check,No,Yes,No,1
1400-MMYXY,0.8377,High Risk,Yes,Month-to-month,3,Fiber optic,105.9,334.65,Electronic check,No,No,No,1
4927-WWOOZ,0.8327,High Risk,Yes,Month-to-month,2,Fiber optic,91.45,171.45,Electronic check,No,No,No,0
8884-ADFVN,0.832,High Risk,Yes,Month-to-month,7,Fiber optic,101.95,700.85,Electronic check,No,No,No,1
7180-PISOG,0.8319,High Risk,Yes,Month-to-month,1,Fiber optic,74.5,74.5,Electronic check,No,No,No,1
8161-QYMTT,0.8296,High Risk,Yes,Month-to-month,7,Fiber optic,94.1,701.3,Electronic check,No,No,No,0
4587-VVTOX,0.8268,High Risk,Yes,Month-to-month,6,Fiber optic,105.3,545.2,Electronic check,No,No,No,1
6023-YEBUP,0.8231,High Risk,Yes,Month-to-month,3,Fiber optic,100.95,329.95,Electronic check,No,No,No,1
2545-EBUPK,0.8177,High Risk,Yes,Month-to-month,2,Fiber optic,84.05,186.05,Electronic check,No,No,No,0
9057-SIHCH,0.8165,High Risk,Yes,Month-to-month,3,Fiber optic,96.6,291.9,Electronic check,No,No,No,1
3722-WPXTK,0.8135,High Risk,Yes,Month-to-month,1,Fiber optic,88.35,88.35,Electronic check,No,No,No,1
7249-WBIYX,0.8103,High Risk,Yes,Month-to-month,10,Fiber optic,85.6,813.85,Electronic check,No,No,No,1
2845-HSJCY,0.8072,High Risk,Yes,Month-to-month,14,Fiber optic,87.25,1258.6,Electronic check,No,No,No,1
1069-XAIEM,0.8064,High Risk,Yes,Month-to-month,1,Fiber optic,85.05,85.05,Electronic check,No,No,No,1
0970-ETWGE,0.8053,High Risk,Yes,Month-to-month,1,Fiber optic,89.55,89.55,Electronic check,No,No,No,1
3519-ZKXGG,0.8039,High Risk,Yes,Month-to-month,3,Fiber optic,75.85,256.6,Electronic check,No,No,No,1
2865-TCHJW,0.8022,High Risk,Yes,Month-to-month,4,Fiber optic,89.2,346.2,Electronic check,No,No,No,1
8739-XNIKG,0.8008,High Risk,Yes,Month-to-month,5,Fiber optic,84.0,424.75,Electronic check,No,No,No,0
8593-WHYHV,0.8001,High Risk,Yes,Month-to-month,3,Fiber optic,85.3,264.8,Electronic check,No,No,No,1
8622-ZLFKO,0.7972,High Risk,Yes,Month-to-month,6,Fiber optic,90.75,512.25,Electronic check,No,No,No,0
4750-ZRXIU,0.794,High Risk,Yes,Month-to-month,4,Fiber optic,84.6,360.1,Electronic check,No,No,No,1
2959-MJHIC,0.7925,High Risk,Yes,Month-to-month,4,Fiber optic,80.35,307.4,Electronic check,No,No,No,1
3006-XIMLN,0.7914,High Risk,Yes,Month-to-month,2,Fiber optic,94.2,193.8,Bank transfer (automatic),No,No,No,1
1143-NMNQJ,0.7891,High Risk,Yes,Month-to-month,2,Fiber optic,85.7,169.8,Electronic check,No,No,No,1
2077-MPJQO,0.7882,High Risk,Yes,Month-to-month,7,Fiber optic,75.4,533.05,Electronic check,No,No,No,0
9611-CTWIH,0.7874,High Risk,Yes,Month-to-month,3,Fiber optic,89.45,240.45,Electronic check,No,No,No,1
9334-GWGOW,0.7869,High Risk,Yes,Month-to-month,7,Fiber optic,74.85,485.25,Electronic check,No,No,No,0
2034-GDRCN,0.7863,High Risk,Yes,Month-to-month,2,Fiber optic,90.4,168.2,Electronic check,No,No,No,1
7218-HKQFK,0.7857,High Risk,Yes,Month-to-month,2,Fiber optic,94.2,167.5,Electronic check,No,No,Yes,1
0679-IDSTG,0.7848,High Risk,Yes,Month-to-month,1,Fiber optic,69.25,69.25,Electronic check,No,No,No,1
1867-BDVFH,0.7769,High Risk,Yes,Month-to-month,11,Fiber optic,74.35,834.2,Electronic check,No,No,No,1
3320-VEOYC,0.7761,High Risk,Yes,Month-to-month,14,Fiber optic,95.6,1273.3,Electronic check,No,No,No,0
8361-LTMKD,0.7732,High Risk,Yes,Month-to-month,4,Fiber optic,74.4,306.6,Mailed check,No,No,No,1
8775-ERLNB,0.7715,High Risk,Yes,Month-to-month,1,Fiber optic,74.3,74.3,Electronic check,No,No,No,0
4415-IJZTP,0.7706,High Risk,Yes,Month-to-month,1,Fiber optic,74.5,74.5,Electronic check,No,No,No,1
2514-GINMM,0.7695,High Risk,Yes,Month-to-month,1,Fiber optic,79.5,79.5,Electronic check,No,No,No,1
2485-ITVKB,0.769,High Risk,Yes,Month-to-month,2,DSL,35.1,68.75,Electronic check,No,No,No,1
1853-UDXBW,0.7685,High Risk,Yes,Month-to-month,1,Fiber optic,70.0,70.0,Electronic check,No,No,No,1
7363-QTBIW,0.7673,High Risk,Yes,Month-to-month,9,Fiber optic,79.75,769.1,Electronic check,No,No,No,0
4115-NZRKS,0.7666,High Risk,Yes,Month-to-month,7,Fiber optic,89.15,574.35,Electronic check,No,No,No,0
6372-RFVNS,0.7651,High Risk,Yes,Month-to-month,1,Fiber optic,78.8,78.8,Electronic check,No,No,No,1
3422-LYEPQ,0.7649,High Risk,Yes,Month-to-month,1,Fiber optic,71.0,71.0,Electronic check,No,No,No,1
9248-OJYKK,0.7636,High Risk,Yes,Month-to-month,1,Fiber optic,76.45,76.45,Electronic check,No,No,No,1
7817-BOQPW,0.7631,High Risk,Yes,Month-to-month,2,Fiber optic,75.55,166.3,Electronic check,No,No,No,1
1320-HTRDR,0.7627,High Risk,Yes,Month-to-month,3,Fiber optic,75.5,220.6,Electronic check,No,No,No,1
2495-INZWQ,0.7618,High Risk,Yes,Month-to-month,4,DSL,44.55,174.3,Electronic check,No,No,No,1
8083-YTZES,0.7606,High Risk,Yes,Month-to-month,4,Fiber optic,74.35,265.35,Electronic check,No,No,No,1
4713-LZDRV,0.7601,High Risk,Yes,Month-to-month,2,Fiber optic,79.6,195.05,Electronic check,No,No,No,1
0655-RBDUG,0.7598,High Risk,Yes,Month-to-month,7,Fiber optic,98.05,713.0,Bank transfer (automatic),No,No,No,1
4090-KPJIP,0.759,High Risk,Yes,Month-to-month,3,Fiber optic,74.95,212.4,Electronic check,No,No,No,0
2985-FMWYF,0.7576,High Risk,Yes,Month-to-month,23,Fiber optic,93.5,2341.55,Electronic check,No,No,No,0
8245-UMPYT,0.7564,High Risk,Yes,Month-to-month,16,Fiber optic,96.4,1581.2,Electronic check,No,No,No,1
6969-MVBAI,0.7563,High Risk,Yes,Month-to-month,9,Fiber optic,90.1,816.8,Electronic check,No,No,No,0
8821-XNHVZ,0.7539,High Risk,Yes,Month-to-month,1,Fiber optic,80.05,80.05,Mailed check,No,No,No,1
6892-XPFPU,0.753,High Risk,Yes,Month-to-month,24,Fiber optic,104.25,2433.9,Electronic check,No,No,No,1
8541-QVFKM,0.7526,High Risk,Yes,Month-to-month,8,Fiber optic,73.5,632.2,Electronic check,No,No,No,0
1024-GUALD,0.7515,High Risk,Yes,Month-to-month,1,DSL,24.8,24.8,Electronic check,No,No,No,1
8699-ASUFO,0.7505,High Risk,Yes,Month-to-month,7,Fiber optic,74.4,527.9,Mailed check,No,No,No,1
9507-EXLTT,0.7503,High Risk,Yes,Month-to-month,1,Fiber optic,79.35,79.35,Bank transfer (automatic),No,No,No,1
6979-ZNSFF,0.7494,High Risk,Yes,Month-to-month,8,Fiber optic,87.05,762.1,Electronic check,No,No,No,1
2202-CUYXZ,0.7488,High Risk,Yes,Month-to-month,1,Fiber optic,84.85,84.85,Electronic check,No,No,No,1
9221-OTIVJ,0.7478,High Risk,Yes,Month-to-month,14,Fiber optic,104.85,1531.4,Electronic check,No,No,No,1
4229-CZMLL,0.7463,High Risk,Yes,Month-to-month,6,Fiber optic,74.9,469.8,Electronic check,No,No,No,1
2609-IAICY,0.7455,High Risk,Yes,Month-to-month,1,Fiber optic,77.15,77.15,Electronic check,No,No,No,1
8443-ZRDBZ,0.745,High Risk,Yes,Month-to-month,4,Fiber optic,76.05,318.9,Electronic check,No,No,No,1
4806-KEXQR,0.7432,High Risk,Yes,Month-to-month,4,Fiber optic,79.9,324.3,Electronic check,No,No,No,1
8752-STIVR,0.7429,High Risk,Yes,Month-to-month,4,Fiber optic,79.0,303.15,Electronic check,No,No,No,1
8258-GSTJK,0.7425,High Risk,Yes,Month-to-month,3,Fiber optic,77.0,237.75,Electronic check,No,No,No,1
6230-BSUXY,0.7421,High Risk,Yes,Month-to-month,1,Fiber optic,85.0,85.0,Electronic check,No,No,No,1
3338-CVVEH,0.7419,High Risk,Yes,Month-to-month,12,Fiber optic,94.55,1173.55,Electronic check,No,No,No,0
5382-SOYZL,0.7402,High Risk,Yes,Month-to-month,22,Fiber optic,95.1,2162.6,Electronic check,No,No,No,0
9878-TNQGW,0.7402,High Risk,Yes,Month-to-month,2,Fiber optic,80.95,171.15,Electronic check,No,No,No,1
7209-JCUDS,0.7394,High Risk,Yes,Month-to-month,10,Fiber optic,94.9,1048.85,Electronic check,No,No,No,1
1448-PWKYE,0.7386,High Risk,Yes,Month-to-month,1,Fiber optic,80.0,80.0,Electronic check,No,No,No,1
7029-RPUAV,0.7386,High Risk,Yes,Month-to-month,17,Fiber optic,100.45,1622.45,Credit card (automatic),No,No,No,1
3030-YDNRM,0.7367,High Risk,Yes,Month-to-month,8,Fiber optic,74.85,572.45,Electronic check,No,No,No,0
3716-BDVDB,0.7365,High Risk,Yes,Month-to-month,1,Fiber optic,69.1,69.1,Electronic check,No,No,No,1
1628-BIZYP,0.7357,High Risk,Yes,Month-to-month,1,Fiber optic,85.0,85.0,Electronic check,No,No,No,0
2027-FECZV,0.7342,High Risk,Yes,Month-to-month,12,Fiber optic,106.7,1253.9,Electronic check,No,No,No,1
4301-VVZKA,0.7337,High Risk,Yes,Month-to-month,16,Fiber optic,75.4,1189.4,Electronic check,No,No,No,0
6319-IEJWJ,0.733,High Risk,Yes,Month-to-month,20,Fiber optic,90.2,1776.55,Electronic check,No,No,No,1
6507-ZJSUR,0.7327,High Risk,Yes,Month-to-month,23,Fiber optic,90.45,2117.25,Electronic check,No,No,No,0
5052-PNLOS,0.7315,High Risk,Yes,Month-to-month,3,Fiber optic,105.35,323.25,Bank transfer (automatic),No,No,No,1
4919-IKATY,0.731,High Risk,Yes,Month-to-month,5,Fiber optic,84.5,453.75,Electronic check,No,Yes,No,1
3707-GNWHM,0.731,High Risk,Yes,Month-to-month,1,Fiber optic,74.25,74.25,Mailed check,No,No,No,1
3750-CKVKH,0.7288,High Risk,Yes,Month-to-month,2,Fiber optic,67.75,116.65,Electronic check,No,No,No,1
0871-URUWO,0.7287,High Risk,Yes,Month-to-month,13,Fiber optic,102.25,1359.0,Credit card (automatic),No,No,No,1
6328-ZPBGN,0.7285,High Risk,Yes,Month-to-month,11,Fiber optic,95.15,997.65,Bank transfer (automatic),No,No,No,1
4735-ASGMA,0.728,High Risk,Yes,Month-to-month,26,Fiber optic,98.35,2515.3,Electronic check,No,No,No,1
7861-UVUFT,0.7261,High Risk,Yes,Month-to-month,15,Fiber optic,84.3,1308.4,Electronic check,No,No,No,1
0841-NULXI,0.7251,High Risk,Yes,Month-to-month,1,DSL,35.55,35.55,Electronic check,No,No,No,1
7235-NXZCP,0.7241,High Risk,Yes,Month-to-month,2,Fiber optic,74.85,156.4,Mailed check,No,No,No,1
7130-VTEWQ,0.7234,High Risk,Yes,Month-to-month,8,Fiber optic,75.75,606.25,Electronic check,No,No,No,1
8375-DKEBR,0.7217,High Risk,Yes,Month-to-month,1,Fiber optic,69.6,69.6,Electronic check,No,No,No,1
6857-VWJDT,0.7217,High Risk,Yes,Month-to-month,1,Fiber optic,95.65,95.65,Mailed check,No,No,No,1
2057-ZBLPD,0.721,High Risk,Yes,Month-to-month,21,Fiber optic,86.5,1808.7,Electronic check,No,No,No,1
7354-OIJLX,0.7208,High Risk,Yes,Month-to-month,9,Fiber optic,75.85,724.65,Electronic check,No,No,No,0
1820-TQVEV,0.7196,High Risk,Yes,Month-to-month,1,Fiber optic,69.55,69.55,Electronic check,No,No,No,1
8397-MVTAZ,0.7187,High Risk,Yes,Month-to-month,34,Fiber optic,100.05,3480.0,Electronic check,No,No,No,1
5542-TBBWB,0.7169,High Risk,Yes,Month-to-month,1,Fiber optic,69.9,69.9,Electronic check,No,No,No,0
9804-ICWBG,0.7168,High Risk,Yes,Month-to-month,1,Fiber optic,69.9,69.9,Electronic check,No,No,No,1
3199-XGZCY,0.7156,High Risk,Yes,Month-to-month,8,Fiber optic,75.25,576.7,Electronic check,No,No,No,0
2439-LYPMQ,0.7152,High Risk,Yes,Month-to-month,38,Fiber optic,102.6,4009.2,Electronic check,No,No,No,0
7409-KIUTL,0.7138,High Risk,Yes,Month-to-month,1,Fiber optic,71.0,71.0,Electronic check,No,No,No,1
3244-DCJWY,0.7131,High Risk,Yes,Month-to-month,1,Fiber optic,70.25,70.25,Electronic check,No,No,No,1
4445-ZJNMU,0.7124,High Risk,Yes,Month-to-month,9,Fiber optic,99.3,918.75,Credit card (automatic),No,No,No,0
1731-TVIUK,0.712,High Risk,Yes,Month-to-month,4,Fiber optic,93.5,362.2,Electronic check,No,No,Yes,1
5376-DEQCP,0.7086,High Risk,Yes,Month-to-month,1,Fiber optic,70.6,70.6,Electronic check,No,No,No,1
2665-NPTGL,0.7079,High Risk,Yes,Month-to-month,26,Fiber optic,98.1,2510.7,Bank transfer (automatic),No,No,No,0
7005-CCBKV,0.7068,High Risk,Yes,Month-to-month,6,Fiber optic,84.4,556.35,Electronic check,No,No,No,1
9717-QEBGU,0.7031,High Risk,Yes,Month-to-month,2,Fiber optic,70.3,144.0,Electronic check,No,No,No,0
3721-CNEYS,0.7027,High Risk,Yes,Month-to-month,2,Fiber optic,70.95,137.95,Electronic check,No,No,No,1
5357-TZHPP,0.7017,High Risk,Yes,Month-to-month,9,Fiber optic,84.4,732.5,Credit card (automatic),No,No,No,1
7198-GLXTC,0.7015,High Risk,Yes,Month-to-month,2,Fiber optic,79.0,143.65,Electronic check,No,No,No,1
6856-RAURS,0.7005,High Risk,Yes,Month-to-month,2,Fiber optic,74.9,136.05,Mailed check,No,No,No,0
5628-FCGYG,0.6999,High Risk,Yes,Month-to-month,21,Fiber optic,84.1,1737.45,Electronic check,No,No,No,0
0004-TLHLJ,0.6982,High Risk,Yes,Month-to-month,4,Fiber optic,73.9,280.85,Electronic check,No,No,No,1
0023-XUOPT,0.6973,High Risk,Yes,Month-to-month,13,Fiber optic,94.1,1215.6,Electronic check,No,No,No,1
4342-HENTK,0.6962,High Risk,Yes,Month-to-month,2,Fiber optic,70.65,142.35,Electronic check,No,No,No,1
1768-ZAIFU,0.6956,High Risk,Yes,Month-to-month,1,DSL,25.2,25.2,Electronic check,No,No,No,1
6000-APYLU,0.6944,High Risk,Yes,Month-to-month,9,Fiber optic,80.8,713.1,Electronic check,No,No,No,1
0388-EOPEX,0.6933,High Risk,Yes,Month-to-month,2,Fiber optic,74.4,139.4,Electronic check,No,Yes,No,1
5167-ZFFMM,0.6929,High Risk,Yes,Month-to-month,1,Fiber optic,90.85,90.85,Credit card (automatic),No,No,No,1
5159-YFPKQ,0.6918,High Risk,Yes,Month-to-month,2,Fiber optic,75.8,160.75,Electronic check,No,No,No,1
8873-GLDMH,0.6917,High Risk,Yes,Month-to-month,6,Fiber optic,73.85,401.3,Mailed check,No,No,No,0
8380-PEFPE,0.6914,High Risk,Yes,Month-to-month,1,Fiber optic,71.65,71.65,Electronic check,No,No,No,1
6077-BDPXA,0.6895,High Risk,Yes,Month-to-month,3,Fiber optic,70.15,194.2,Electronic check,No,No,No,0
0524-IAVZO,0.6879,High Risk,Yes,Month-to-month,30,Fiber optic,85.0,2624.25,Electronic check,No,No,No,1
2254-DLXRI,0.6876,High Risk,Yes,Month-to-month,1,Fiber optic,79.15,79.15,Mailed check,No,No,No,0
6376-GAHQE,0.6867,High Risk,Yes,Month-to-month,4,Fiber optic,77.85,299.2,Electronic check,No,No,No,1
7273-TEFQD,0.684,High Risk,Yes,Month-to-month,3,DSL,41.15,132.2,Electronic check,No,No,No,1
9685-WKZGT,0.6816,High Risk,Yes,Month-to-month,14,Fiber optic,74.95,1036.75,Electronic check,No,No,No,1
2761-OCIAX,0.6813,High Risk,Yes,Month-to-month,2,Fiber optic,74.7,165.4,Electronic check,No,No,No,1
1980-KXVPM,0.6806,High Risk,Yes,Month-to-month,3,Fiber optic,75.05,256.25,Credit card (automatic),No,No,No,1
1016-DJTSV,0.6791,High Risk,Yes,Month-to-month,8,Fiber optic,69.7,572.85,Electronic check,No,No,No,0
1522-VVDMG,0.6785,High Risk,Yes,Month-to-month,7,Fiber optic,89.75,608.8,Electronic check,No,No,Yes,1
5196-SGOAK,0.6777,High Risk,Yes,Month-to-month,1,Fiber optic,75.7,75.7,Electronic check,No,No,No,1
4706-AXVKM,0.6768,High Risk,Yes,Month-to-month,11,Fiber optic,84.8,906.85,Credit card (automatic),No,No,No,1
3877-JRJIP,0.6758,High Risk,Yes,Month-to-month,1,DSL,59.85,59.85,Electronic check,No,No,No,1
2754-SDJRD,0.6756,High Risk,Yes,Month-to-month,8,Fiber optic,100.15,908.55,Credit card (automatic),No,No,Yes,0
3292-PBZEJ,0.6753,High Risk,Yes,Month-to-month,11,Fiber optic,111.4,1183.05,Electronic check,No,No,Yes,0
2867-UIMSS,0.6746,High Risk,Yes,Month-to-month,1,Fiber optic,80.5,80.5,Electronic check,No,No,No,1
9279-CJEOJ,0.6735,High Risk,Yes,Month-to-month,21,Fiber optic,95.4,2025.1,Bank transfer (automatic),No,No,No,0
5228-EXCET,0.6728,High Risk,Yes,Month-to-month,13,Fiber optic,80.85,1008.7,Electronic check,No,No,No,1
3585-ISXZP,0.6713,High Risk,Yes,Month-to-month,8,Fiber optic,95.65,778.1,Bank transfer (automatic),No,No,No,1
0616-ATFGB,0.6705,High Risk,Yes,Month-to-month,1,DSL,25.05,25.05,Electronic check,No,No,No,1
9283-LZQOH,0.67,High Risk,Yes,Month-to-month,13,Fiber optic,74.4,896.75,Credit card (automatic),No,No,No,1
4631-OACRM,0.6689,High Risk,Yes,Month-to-month,15,Fiber optic,79.4,1156.1,Electronic check,No,No,No,1
2025-JKFWI,0.6684,High Risk,Yes,Month-to-month,13,Fiber optic,99.0,1301.7,Mailed check,No,No,Yes,1
0576-WNXXC,0.6659,High Risk,Yes,Month-to-month,27,Fiber optic,95.55,2510.2,Electronic check,No,No,No,1
1475-VWVDO,0.6659,High Risk,Yes,Month-to-month,7,Fiber optic,74.9,490.55,Electronic check,No,No,No,0
0330-IVZHA,0.6658,High Risk,Yes,Month-to-month,5,Fiber optic,69.95,330.15,Electronic check,No,No,No,1
2737-YNGYW,0.665,High Risk,Yes,Month-to-month,2,Fiber optic,80.55,184.1,Electronic check,No,No,No,1
6543-XRMYR,0.6641,High Risk,Yes,Month-to-month,30,Fiber optic,99.7,2967.35,Electronic check,No,No,No,1
4873-ILOLJ,0.6638,High Risk,Yes,Month-to-month,24,Fiber optic,90.35,2238.5,Electronic check,No,No,No,1
6705-LXORM,0.6632,High Risk,Yes,Month-to-month,5,Fiber optic,70.05,302.6,Electronic check,No,No,No,0
7912-SYRQT,0.6628,High Risk,Yes,Month-to-month,7,Fiber optic,75.1,552.95,Bank transfer (automatic),No,No,No,1
3677-IYRBF,0.6624,High Risk,Yes,Month-to-month,2,DSL,30.4,78.65,Electronic check,No,No,No,1
0923-PNFUB,0.6589,High Risk,Yes,Month-to-month,3,Fiber optic,83.75,247.25,Electronic check,No,No,No,1
1751-NCDLI,0.6577,High Risk,Yes,Month-to-month,46,Fiber optic,98.85,4564.9,Electronic check,No,No,No,0
0235-KGSLC,0.6551,High Risk,Yes,Month-to-month,1,Fiber optic,85.55,85.55,Credit card (automatic),No,No,No,1
9572-WUKSB,0.6551,High Risk,Yes,Month-to-month,3,DSL,29.9,92.25,Electronic check,No,No,Yes,0
5419-CONWX,0.6549,High Risk,Yes,Month-to-month,4,Fiber optic,99.8,442.85,Credit card (automatic),No,No,No,1
3672-YITQD,0.6543,High Risk,Yes,Month-to-month,36,Fiber optic,84.1,3021.6,Electronic check,No,No,No,1
4817-VYYWS,0.6542,High Risk,Yes,Month-to-month,30,Fiber optic,100.2,2983.8,Electronic check,No,No,No,1
4647-MUZON,0.6542,High Risk,Yes,Month-to-month,18,Fiber optic,95.95,1745.5,Credit card (automatic),No,No,No,0
2754-XBHTB,0.6542,High Risk,Yes,Month-to-month,9,Fiber optic,77.65,714.15,Bank transfer (automatic),No,No,No,1
8714-EUHJO,0.6539,High Risk,Yes,Month-to-month,31,Fiber optic,91.15,2995.45,Electronic check,No,No,No,1
0749-IRGQE,0.6531,High Risk,Yes,Month-to-month,13,DSL,45.3,528.45,Electronic check,No,No,No,0
9741-YLNTD,0.6524,High Risk,Yes,Month-to-month,6,Fiber optic,87.95,522.35,Bank transfer (automatic),No,No,Yes,0
8650-RHRKE,0.65,High Risk,Yes,Month-to-month,4,DSL,29.65,118.5,Electronic check,No,No,No,1
7470-MCQTK,0.6498,High Risk,Yes,Month-to-month,13,DSL,48.75,633.4,Bank transfer (automatic),No,No,No,1
4983-CCWMC,0.6498,High Risk,Yes,Month-to-month,3,Fiber optic,69.6,207.4,Mailed check,No,No,No,0
0899-LIIBW,0.6497,High Risk,Yes,Month-to-month,34,Fiber optic,100.85,3527.3,Electronic check,No,No,No,0
8739-WWKDU,0.648,High Risk,Yes,Month-to-month,25,Fiber optic,89.5,2196.15,Electronic check,No,No,No,1
3908-BLSYF,0.6466,High Risk,Yes,Month-to-month,6,Fiber optic,83.9,497.55,Electronic check,No,No,No,1
2482-CZGBB,0.6458,High Risk,Yes,Month-to-month,10,Fiber optic,70.0,740.0,Electronic check,No,No,No,1
0432-CAJZV,0.6457,High Risk,Yes,Month-to-month,3,Fiber optic,90.7,237.65,Mailed check,No,No,No,0
5186-SAMNZ,0.6451,High Risk,Yes,Month-to-month,1,Fiber optic,69.5,69.5,Bank transfer (automatic),No,No,No,1
8709-KRDVL,0.6443,High Risk,Yes,Month-to-month,33,Fiber optic,100.0,3320.6,Electronic check,No,No,No,0
4658-HCOHW,0.6432,High Risk,Yes,Month-to-month,21,Fiber optic,102.8,2110.15,Electronic check,No,No,Yes,1
6338-AVWCY,0.6418,High Risk,Yes,Month-to-month,3,DSL,40.15,130.75,Mailed check,No,No,No,1
4283-FUTGF,0.6405,High Risk,Yes,Month-to-month,19,Fiber optic,79.85,1471.75,Electronic check,No,No,No,1
8266-VBFQL,0.6398,High Risk,Yes,Month-to-month,4,Fiber optic,90.4,356.65,Electronic check,No,No,Yes,0
5339-PXDVH,0.6381,High Risk,Yes,Month-to-month,4,Fiber optic,90.65,367.95,Electronic check,No,Yes,No,0
6651-AZVTJ,0.6381,High Risk,Yes,Month-to-month,49,Fiber optic,99.8,4872.45,Electronic check,No,No,No,1
3365-SAIGS,0.636,High Risk,Yes,Month-to-month,17,Fiber optic,83.55,1329.15,Electronic check,No,No,No,0
8621-MNIHH,0.6357,High Risk,Yes,Month-to-month,34,Fiber optic,94.25,3217.55,Electronic check,No,No,No,1
4029-HPFVY,0.6352,High Risk,Yes,Month-to-month,3,Fiber optic,70.3,220.4,Mailed check,No,No,No,0
3312-UUMZW,0.6349,High Risk,Yes,Month-to-month,32,Fiber optic,98.85,3145.9,Credit card (automatic),No,No,No,0
2955-BJZHG,0.6333,High Risk,Yes,Month-to-month,17,Fiber optic,80.85,1400.85,Electronic check,No,No,No,1
6712-OAWRH,0.633,High Risk,Yes,Month-to-month,26,Fiber optic,91.25,2351.8,Electronic check,No,No,No,1
1989-PRJHP,0.6328,High Risk,Yes,Month-to-month,27,Fiber optic,75.5,1893.95,Electronic check,No,No,No,1
7881-EVUAD,0.6297,High Risk,Yes,Month-to-month,2,DSL,42.6,72.4,Electronic check,No,Yes,No,1
6543-CPZMK,0.6294,High Risk,Yes,Month-to-month,9,DSL,29.95,248.95,Electronic check,No,No,No,1
6899-PPEEA,0.629,High Risk,Yes,Month-to-month,37,Fiber optic,96.55,3580.3,Electronic check,No,No,No,1
0685-MLYYM,0.6264,High Risk,Yes,Month-to-month,2,Fiber optic,70.75,154.85,Electronic check,No,No,No,1
0258-NOKBL,0.6258,High Risk,Yes,Month-to-month,3,Fiber optic,90.4,268.45,Electronic check,No,No,No,0
9840-DVNDC,0.6246,High Risk,Yes,Month-to-month,6,Fiber optic,80.5,463.05,Credit card (automatic),No,No,No,1
3858-VOBET,0.6239,High Risk,Yes,Month-to-month,23,Fiber optic,74.95,1710.45,Electronic check,No,No,No,1
2325-NBPZG,0.6223,High Risk,Yes,Month-to-month,3,Fiber optic,74.55,233.65,Electronic check,No,Yes,No,0
9465-RWMXL,0.6222,High Risk,Yes,Month-to-month,32,Fiber optic,78.9,2447.95,Electronic check,No,No,No,1
5442-BHQNG,0.6212,High Risk,Yes,Month-to-month,2,Fiber optic,70.35,139.25,Electronic check,No,No,No,0
1112-CUNAO,0.6211,High Risk,Yes,Month-to-month,15,Fiber optic,89.85,1424.95,Electronic check,No,No,No,1
8676-TRMJS,0.6201,High Risk,Yes,Month-to-month,3,Fiber optic,75.0,209.1,Mailed check,No,No,No,1
9227-LUNBG,0.6188,High Risk,Yes,Month-to-month,1,DSL,24.6,24.6,Electronic check,No,No,No,1
5606-AMZBO,0.6183,High Risk,Yes,Month-to-month,10,Fiber optic,78.15,765.15,Credit card (automatic),No,Yes,No,0
9576-ANLXO,0.618,High Risk,Yes,Month-to-month,3,Fiber optic,69.55,222.3,Bank transfer (automatic),No,No,No,1
0256-LTHVJ,0.615,High Risk,Yes,Month-to-month,28,Fiber optic,81.05,2227.1,Electronic check,No,No,No,1
0581-BXBUB,0.6146,High Risk,Yes,Month-to-month,4,Fiber optic,72.75,317.75,Electronic check,No,No,No,0
6910-HADCM,0.6127,High Risk,Yes,Month-to-month,1,Fiber optic,76.35,76.35,Electronic check,No,No,No,1
2041-JIJCI,0.6124,High Risk,Yes,Month-to-month,5,DSL,64.0,370.25,Electronic check,No,No,No,0
9512-UIBFX,0.6118,High Risk,Yes,Month-to-month,18,Fiber optic,95.15,1779.95,Mailed check,No,No,No,1
4686-UXDML,0.6106,High Risk,Yes,Month-to-month,21,Fiber optic,99.85,1992.55,Credit card (automatic),No,No,No,0
4547-LYTDD,0.6104,High Risk,Yes,Month-to-month,16,Fiber optic,72.65,1194.3,Electronic check,No,No,No,1
1100-DDVRV,0.61,High Risk,Yes,Month-to-month,17,DSL,49.8,836.35,Mailed check,No,No,No,0
9940-RHLFB,0.6094,High Risk,Yes,Month-to-month,1,Fiber optic,75.3,75.3,Electronic check,No,No,No,1
1335-NTIUC,0.6085,High Risk,Yes,Month-to-month,9,DSL,24.95,190.25,Electronic check,No,No,No,0
8132-YPVBX,0.6075,High Risk,Yes,Month-to-month,6,Fiber optic,85.95,514.6,Mailed check,No,No,No,0
1658-TJVOA,0.6057,High Risk,Yes,Month-to-month,6,Fiber optic,74.1,450.9,Electronic check,No,Yes,No,0
9866-QEVEE,0.6047,High Risk,Yes,Month-to-month,19,Fiber optic,86.0,1532.45,Bank transfer (automatic),No,No,No,1
0958-YHXGP,0.6039,High Risk,Yes,Month-to-month,7,Fiber optic,69.9,497.3,Mailed check,No,No,No,0
9167-APMXZ,0.6039,High Risk,Yes,Month-to-month,22,Fiber optic,84.15,1821.95,Bank transfer (automatic),No,No,No,0
9692-TUSXH,0.6033,High Risk,Yes,Month-to-month,18,Fiber optic,96.05,1740.7,Electronic check,No,Yes,No,1
1302-UHBDD,0.6031,High Risk,Yes,Month-to-month,20,Fiber optic,89.95,1648.45,Electronic check,No,No,No,0
8393-DLHGA,0.6027,High Risk,Yes,Month-to-month,25,Fiber optic,95.9,2448.75,Electronic check,No,No,No,1
6680-WKXRZ,0.6022,High Risk,Yes,Month-to-month,3,Fiber optic,74.4,215.8,Bank transfer (automatic),No,No,No,1
2187-PKZAY,0.5982,High Risk,Yes,Month-to-month,12,Fiber optic,79.95,1043.4,Bank transfer (automatic),No,No,No,0
6175-IRFIT,0.598,High Risk,Yes,Month-to-month,5,Fiber optic,78.75,426.35,Mailed check,No,No,No,0
6821-BUXUX,0.5975,High Risk,Yes,Month-to-month,13,Fiber optic,96.65,1244.5,Electronic check,No,Yes,No,1
2203-GHNWN,0.5975,High Risk,Yes,Month-to-month,24,Fiber optic,79.65,1928.7,Mailed check,No,No,No,0
0952-KMEEH,0.5955,High Risk,Yes,Month-to-month,13,Fiber optic,98.15,1230.25,Mailed check,No,Yes,No,1
7571-YXDAD,0.5943,High Risk,Yes,Month-to-month,2,Fiber optic,74.9,147.15,Credit card (automatic),No,No,No,1
7952-OBOYL,0.5917,High Risk,Yes,Month-to-month,3,Fiber optic,89.85,244.45,Mailed check,No,No,Yes,0
8914-RBTSB,0.5916,High Risk,Yes,Month-to-month,31,Fiber optic,93.8,3019.5,Electronic check,No,No,No,1
5501-TVMGM,0.5911,High Risk,Yes,Month-to-month,1,DSL,55.25,55.25,Electronic check,No,No,No,0
9050-QLROH,0.5904,High Risk,Yes,Month-to-month,18,Fiber optic,90.7,1597.25,Credit card (automatic),No,No,No,1
2860-RANUS,0.5895,High Risk,Yes,Month-to-month,20,Fiber optic,85.8,1727.5,Credit card (automatic),No,No,No,1
1902-XBTFB,0.588,High Risk,Yes,Month-to-month,22,Fiber optic,89.4,2001.5,Electronic check,No,No,No,1
0988-JRWWP,0.5862,High Risk,Yes,Month-to-month,3,DSL,54.2,140.4,Electronic check,No,No,No,0
0376-YMCJC,0.5854,High Risk,Yes,Month-to-month,23,Fiber optic,90.6,1943.2,Electronic check,No,No,Yes,1
1894-IGFSG,0.5853,High Risk,Yes,Month-to-month,22,Fiber optic,89.25,1907.85,Electronic check,No,No,No,1
7278-CKDNC,0.5852,High Risk,Yes,Month-to-month,24,Fiber optic,80.5,2088.45,Electronic check,No,No,No,0
0682-USIXD,0.5849,High Risk,Yes,Month-to-month,21,Fiber optic,86.05,1818.9,Electronic check,No,No,Yes,0
9638-JIQYA,0.5844,High Risk,Yes,Month-to-month,2,DSL,24.9,49.7,Credit card (automatic),No,No,No,0
0581-MDMPW,0.5809,High Risk,Yes,Month-to-month,24,Fiber optic,88.95,2072.75,Credit card (automatic),No,No,No,0
4581-LNWUM,0.5807,High Risk,Yes,Month-to-month,13,DSL,49.15,649.4,Electronic check,No,No,No,0
3063-QFSZL,0.5803,High Risk,Yes,Month-to-month,1,DSL,55.4,55.4,Electronic check,No,No,No,1
7534-BFESC,0.5799,High Risk,Yes,Month-to-month,24,Fiber optic,76.1,1712.7,Electronic check,No,No,No,1
5480-HPRRX,0.5796,High Risk,Yes,Month-to-month,3,DSL,25.3,77.75,Electronic check,No,No,No,1
7056-IMHCC,0.5791,High Risk,Yes,Month-to-month,53,Fiber optic,101.9,5549.4,Electronic check,No,No,No,1
2309-OSFEU,0.5778,High Risk,Yes,Month-to-month,10,DSL,33.9,298.45,Mailed check,No,No,No,1
6542-LWGXJ,0.5771,High Risk,Yes,Month-to-month,3,DSL,25.0,78.25,Mailed check,No,No,No,0
6704-UTUKK,0.5767,High Risk,Yes,Month-to-month,29,DSL,45.9,1332.4,Electronic check,No,No,No,0
8160-HOWOX,0.5741,High Risk,Yes,Month-to-month,7,DSL,66.85,458.1,Electronic check,No,No,No,0
7410-YTJIK,0.5729,High Risk,Yes,Month-to-month,7,Fiber optic,75.45,480.75,Mailed check,No,No,No,1
0778-NELLA,0.5722,High Risk,Yes,Month-to-month,9,DSL,34.7,296.1,Credit card (automatic),No,No,No,1
8778-LMWTJ,0.5722,High Risk,Yes,Month-to-month,9,Fiber optic,74.85,708.2,Electronic check,No,Yes,No,0
0506-LVNGN,0.5713,High Risk,Yes,Month-to-month,5,Fiber optic,75.55,349.65,Credit card (automatic),No,No,No,1
1965-DDBWU,0.5712,High Risk,Yes,Month-to-month,16,Fiber optic,89.05,1448.6,Credit card (automatic),No,No,Yes,1
5828-AVIPD,0.5697,High Risk,Yes,One year,19,Fiber optic,100.95,1875.55,Electronic check,No,No,Yes,1
3312-ZWLGF,0.5691,High Risk,Yes,Month-to-month,29,Fiber optic,79.3,2414.55,Electronic check,No,No,Yes,0
5760-FXFVO,0.5675,High Risk,Yes,Month-to-month,6,Fiber optic,78.95,494.95,Electronic check,No,Yes,No,0
8993-PHFWD,0.5665,High Risk,Yes,Month-to-month,3,DSL,25.25,58.9,Electronic check,No,No,No,1
5016-IBERQ,0.5643,High Risk,Yes,Month-to-month,23,Fiber optic,84.25,1968.1,Electronic check,No,No,No,0
8818-DOPVL,0.5633,High Risk,Yes,Month-to-month,46,Fiber optic,104.45,4863.85,Electronic check,No,No,No,0
4818-QIUFN,0.5614,High Risk,Yes,Month-to-month,20,Fiber optic,79.15,1520.9,Electronic check,No,Yes,No,1
4360-PNRQB,0.5613,High Risk,Yes,Month-to-month,18,Fiber optic,75.6,1395.05,Bank transfer (automatic),No,No,No,0
6834-NXDCA,0.5607,High Risk,Yes,Month-to-month,13,DSL,23.9,300.8,Electronic check,No,No,No,1
5144-TVGLP,0.5588,High Risk,Yes,Month-to-month,38,Fiber optic,94.75,3653.0,Electronic check,No,No,No,0
7855-DIWPO,0.558,High Risk,Yes,Month-to-month,21,Fiber optic,68.65,1493.2,Electronic check,No,No,No,0
2386-LAHRK,0.5575,High Risk,Yes,Month-to-month,1,DSL,53.5,53.5,Mailed check,No,No,No,1
0599-XNYDO,0.5573,High Risk,Yes,Month-to-month,20,Fiber optic,69.8,1540.35,Bank transfer (automatic),No,No,No,0
4154-AQUGT,0.5572,High Risk,Yes,Month-to-month,13,Fiber optic,89.05,1169.35,Bank transfer (automatic),No,No,Yes,1
1319-YLZJG,0.5558,High Risk,Yes,Month-to-month,12,Fiber optic,84.6,959.9,Electronic check,No,Yes,No,0
9747-DDZOS,0.5557,High Risk,Yes,Month-to-month,1,Fiber optic,73.5,73.5,Bank transfer (automatic),No,No,No,1
7587-RZNME,0.5552,High Risk,Yes,Month-to-month,3,DSL,43.3,123.65,Electronic check,No,No,No,1
8849-AYPTR,0.553,High Risk,Yes,Month-to-month,33,Fiber optic,91.25,2964.05,Electronic check,No,No,No,0
2919-HBCJO,0.5526,High Risk,Yes,Month-to-month,4,Fiber optic,76.65,333.6,Bank transfer (automatic),No,No,No,1
1092-GANHU,0.5517,High Risk,Yes,Month-to-month,17,Fiber optic,76.65,1313.55,Electronic check,No,No,No,1
6166-ILMNY,0.5514,High Risk,Yes,Month-to-month,2,Fiber optic,69.75,144.55,Bank transfer (automatic),No,No,No,1
9048-JVYVF,0.5509,High Risk,Yes,Month-to-month,3,DSL,69.35,191.35,Electronic check,No,No,Yes,1
1236-WFCDV,0.5505,High Risk,Yes,Month-to-month,14,Fiber optic,90.45,1266.1,Credit card (automatic),No,No,No,1
1436-ZMJAN,0.5477,High Risk,Yes,Month-to-month,10,DSL,67.8,653.15,Credit card (automatic),No,No,No,0
5419-KLXBN,0.5472,High Risk,Yes,Month-to-month,25,Fiber optic,89.15,2257.75,Bank transfer (automatic),No,No,No,1
5373-SFODM,0.5463,High Risk,Yes,Month-to-month,36,Fiber optic,85.25,3132.75,Credit card (automatic),No,No,No,1
7851-FLGGQ,0.546,High Risk,Yes,Month-to-month,1,DSL,44.65,44.65,Mailed check,No,No,Yes,1
0096-BXERS,0.5457,High Risk,Yes,Month-to-month,6,DSL,50.35,314.55,Electronic check,No,No,No,0
0876-WDUUZ,0.545,High Risk,Yes,Month-to-month,5,Fiber optic,85.4,425.9,Credit card (automatic),No,No,Yes,1
0082-OQIQY,0.5433,High Risk,Yes,Month-to-month,29,Fiber optic,94.2,2607.6,Electronic check,No,No,Yes,0
2501-XWWTZ,0.542,High Risk,Yes,Month-to-month,11,Fiber optic,70.2,760.05,Electronic check,No,No,No,0
5759-RCVCB,0.5419,High Risk,Yes,Month-to-month,3,DSL,35.2,108.95,Credit card (automatic),No,No,No,1
3717-OEAUQ,0.5408,High Risk,Yes,Month-to-month,2,Fiber optic,70.7,129.2,Mailed check,No,No,No,0
9907-SWKKF,0.5393,High Risk,Yes,Month-to-month,1,DSL,25.05,25.05,Mailed check,No,No,No,1
9851-KIELU,0.5387,High Risk,Yes,Month-to-month,10,Fiber optic,110.1,1043.3,Electronic check,No,Yes,Yes,1
8938-UMKPI,0.537,High Risk,Yes,Month-to-month,47,Fiber optic,106.4,5127.95,Electronic check,No,No,No,1
7503-QQRVF,0.5365,High Risk,Yes,Month-to-month,16,Fiber optic,74.3,1178.25,Credit card (automatic),No,No,No,1
4248-QPAVC,0.5363,High Risk,Yes,Month-to-month,17,Fiber optic,85.35,1463.45,Bank transfer (automatic),No,Yes,No,1
8785-CJSHH,0.5359,High Risk,Yes,Month-to-month,60,Fiber optic,99.8,5985.75,Electronic check,No,No,No,0
5889-JTMUL,0.5351,High Risk,Yes,Month-to-month,50,Fiber optic,95.05,4888.7,Electronic check,No,No,No,1
2971-SGAFL,0.5345,High Risk,Yes,Month-to-month,13,DSL,78.75,995.35,Electronic check,No,Yes,No,0
4512-ZUIYL,0.5336,High Risk,Yes,Month-to-month,2,Fiber optic,70.0,153.05,Bank transfer (automatic),No,No,No,1
3966-HRMZA,0.533,High Risk,Yes,Month-to-month,3,Fiber optic,75.05,202.9,Mailed check,No,No,No,0
6158-HDPXZ,0.5303,High Risk,Yes,Month-to-month,1,DSL,25.35,25.35,Mailed check,No,No,No,0
0310-MVLET,0.5301,High Risk,Yes,Month-to-month,61,Fiber optic,99.15,6010.05,Electronic check,No,No,No,1
1035-IPQPU,0.5286,High Risk,Yes,Month-to-month,63,Fiber optic,103.5,6479.4,Electronic check,No,No,No,0
5226-NOZFC,0.5281,High Risk,Yes,Month-to-month,26,Fiber optic,85.75,2146.5,Electronic check,No,No,No,0
9927-DSWDF,0.5266,High Risk,Yes,Month-to-month,22,Fiber optic,104.6,2180.55,Electronic check,No,Yes,Yes,0
9752-ZNQUT,0.5236,High Risk,Yes,Month-to-month,1,DSL,48.6,48.6,Electronic check,No,No,No,0
6557-BZXLQ,0.522,High Risk,Yes,Month-to-month,16,Fiber optic,69.65,1043.3,Electronic check,No,No,No,0
2800-QQUSO,0.5216,High Risk,Yes,Month-to-month,42,Fiber optic,100.3,4222.95,Electronic check,No,No,Yes,0
2694-CIUMO,0.5195,High Risk,Yes,Month-to-month,12,Fiber optic,79.55,958.25,Credit card (automatic),No,No,Yes,0
7181-OQCUT,0.5188,High Risk,Yes,Month-to-month,21,Fiber optic,103.85,2215.0,Mailed check,No,Yes,No,0
3334-CTHOL,0.5173,High Risk,Yes,Month-to-month,1,DSL,49.95,49.95,Bank transfer (automatic),No,No,No,1
6377-WHAOX,0.5156,High Risk,Yes,Month-to-month,60,Fiber optic,106.15,6411.25,Electronic check,No,No,No,0
9979-RGMZT,0.5153,High Risk,Yes,One year,7,Fiber optic,94.05,633.45,Mailed check,No,No,No,0
6608-QQLVK,0.515,High Risk,Yes,Month-to-month,1,DSL,50.5,50.5,Electronic check,No,No,No,1
6284-AHOOQ,0.5146,High Risk,Yes,Month-to-month,22,Fiber optic,90.5,1910.6,Bank transfer (automatic),No,No,Yes,1
6331-LWDTQ,0.5136,High Risk,Yes,Month-to-month,10,DSL,72.15,794.25,Credit card (automatic),No,No,No,1
7404-JLKQG,0.5119,High Risk,Yes,Month-to-month,3,DSL,57.55,161.45,Electronic check,No,No,No,0
9278-VZKCD,0.5109,High Risk,Yes,Month-to-month,52,Fiber optic,109.1,5647.95,Electronic check,No,Yes,No,0
2782-LFZVW,0.5102,High Risk,Yes,Month-to-month,11,DSL,58.95,601.6,Mailed check,No,No,No,0
6034-YMTOB,0.5096,High Risk,Yes,Month-to-month,5,Fiber optic,75.65,399.45,Mailed check,No,No,Yes,0
9450-TRJUU,0.5095,High Risk,Yes,Month-to-month,35,Fiber optic,83.15,2848.45,Electronic check,No,No,No,0
6481-ESCNL,0.5092,High Risk,Yes,Month-to-month,29,Fiber optic,100.55,2878.75,Bank transfer (automatic),No,No,No,0
1346-UFHAX,0.5076,High Risk,Yes,Month-to-month,13,Fiber optic,80.0,1029.35,Credit card (automatic),No,Yes,No,0
1833-TCXKK,0.5057,High Risk,Yes,Month-to-month,45,Fiber optic,107.75,4882.8,Bank transfer (automatic),No,No,No,0
4317-VTEOA,0.5054,High Risk,Yes,Month-to-month,1,DSL,50.75,50.75,Electronic check,No,No,No,1
0963-ZBDRN,0.5047,High Risk,Yes,Month-to-month,32,Fiber optic,96.2,3183.4,Electronic check,No,No,Yes,1
5650-YLIBA,0.504,High Risk,Yes,Month-to-month,31,Fiber optic,81.15,2640.55,Electronic check,No,No,No,0
3094-JOJAI,0.503,High Risk,Yes,Month-to-month,18,Fiber optic,74.15,1387.0,Mailed check,No,No,No,0
5331-RGMTT,0.5018,High Risk,Yes,Month-to-month,54,Fiber optic,99.05,5295.7,Credit card (automatic),No,No,No,0
3587-PMCOY,0.5003,High Risk,Yes,One year,10,Fiber optic,98.9,1064.95,Electronic check,No,Yes,No,0
0410-IPFTY,0.4985,High Risk,Yes,Month-to-month,31,Fiber optic,83.85,2674.15,Bank transfer (automatic),No,No,No,0
2277-DJJDL,0.4966,High Risk,Yes,Month-to-month,60,Fiber optic,99.0,6017.9,Electronic check,No,No,Yes,0
2606-RMDHZ,0.4962,High Risk,Yes,Month-to-month,6,DSL,30.5,208.7,Credit card (automatic),No,No,No,1
8988-ECPJR,0.496,High Risk,Yes,Month-to-month,34,Fiber optic,79.6,2718.3,Mailed check,No,No,No,1
9944-AEXBM,0.4932,High Risk,Yes,Month-to-month,32,Fiber optic,85.65,2664.3,Bank transfer (automatic),No,No,No,0
8696-JKZNU,0.4905,High Risk,Yes,Month-to-month,37,Fiber optic,76.25,2841.55,Electronic check,No,No,No,1
4760-THGOT,0.4903,High Risk,Yes,Month-to-month,43,Fiber optic,94.1,4107.3,Electronic check,No,Yes,No,0
6402-EJMWF,0.4895,High Risk,Yes,Month-to-month,4,DSL,55.3,238.5,Mailed check,No,No,No,0
7663-RGWBC,0.4894,High Risk,Yes,Month-to-month,1,DSL,44.15,44.15,Mailed check,No,No,No,1
5281-BUZGT,0.4893,High Risk,Yes,Month-to-month,36,Fiber optic,90.85,3186.7,Electronic check,No,Yes,No,1
5461-QKNTN,0.4874,High Risk,Yes,Month-to-month,43,Fiber optic,94.3,3953.15,Electronic check,No,No,Yes,0
7129-ACFOG,0.4871,High Risk,Yes,Month-to-month,5,DSL,53.8,283.95,Electronic check,No,Yes,No,0
0365-GXEZS,0.4869,High Risk,Yes,Month-to-month,18,Fiber optic,78.2,1468.75,Electronic check,No,No,Yes,0
4570-QHXHL,0.4861,High Risk,Yes,Month-to-month,9,DSL,43.75,405.7,Electronic check,No,No,No,0
8601-QACRS,0.4861,High Risk,Yes,Month-to-month,5,DSL,50.6,249.95,Mailed check,No,No,No,1
0430-IHCDJ,0.4859,High Risk,Yes,Month-to-month,15,DSL,49.0,749.25,Electronic check,No,No,No,0
3932-CMDTD,0.4818,High Risk,Yes,One year,4,Fiber optic,105.65,443.9,Electronic check,No,No,Yes,1
6661-HBGWL,0.4803,High Risk,Yes,Month-to-month,42,Fiber optic,104.75,4323.45,Bank transfer (automatic),No,No,No,1
4619-EVPHY,0.4793,High Risk,Yes,One year,20,Fiber optic,91.0,1859.5,Bank transfer (automatic),No,No,No,0
5609-IMCGG,0.479,High Risk,Yes,Month-to-month,15,Fiber optic,84.35,1302.65,Credit card (automatic),No,Yes,No,0
2227-JRSJX,0.4789,High Risk,Yes,Month-to-month,21,Fiber optic,99.15,1956.4,Bank transfer (automatic),No,No,Yes,0
6317-YPKDH,0.4768,High Risk,Yes,Month-to-month,1,DSL,29.95,29.95,Bank transfer (automatic),No,No,No,1
3540-RZJYU,0.4747,High Risk,Yes,Month-to-month,15,Fiber optic,86.2,1270.2,Electronic check,No,Yes,No,1
9286-DOJGF,0.4746,High Risk,Yes,Month-to-month,38,Fiber optic,74.95,2869.85,Bank transfer (automatic),No,No,No,1
2178-PMGCJ,0.4733,High Risk,Yes,Month-to-month,22,Fiber optic,69.7,1490.4,Mailed check,No,No,No,0
5129-JLPIS,0.4729,High Risk,Yes,Month-to-month,25,Fiber optic,105.5,2686.05,Electronic check,No,Yes,Yes,0
3466-RITXD,0.4723,High Risk,Yes,Month-to-month,26,Fiber optic,92.4,2349.8,Credit card (automatic),No,Yes,No,0
9508-ILZDG,0.4722,High Risk,Yes,Month-to-month,34,Fiber optic,96.35,3190.25,Electronic check,No,No,Yes,0
4237-RLAQD,0.4712,High Risk,Yes,Month-to-month,1,DSL,45.85,45.85,Mailed check,No,No,No,1
9369-XFEHK,0.4712,High Risk,Yes,Month-to-month,33,Fiber optic,80.6,2656.5,Bank transfer (automatic),No,No,No,1
3374-LXDEV,0.4709,High Risk,Yes,Month-to-month,13,Fiber optic,89.4,1132.35,Electronic check,No,No,Yes,1
6946-LMSQS,0.4687,High Risk,Yes,One year,25,Fiber optic,89.05,2177.45,Electronic check,No,Yes,No,1
1942-OQFRW,0.4666,High Risk,Yes,Month-to-month,1,DSL,44.0,44.0,Electronic check,No,No,No,0
8080-DDEMJ,0.4651,High Risk,Yes,Month-to-month,1,DSL,45.1,45.1,Electronic check,No,No,No,1
7460-ITWWP,0.4647,High Risk,Yes,Month-to-month,45,Fiber optic,86.1,3861.45,Electronic check,No,No,No,0
9576-SYUHJ,0.4643,High Risk,Yes,Month-to-month,37,Fiber optic,91.15,3369.25,Electronic check,No,Yes,No,0
4706-DGAHW,0.4641,High Risk,Yes,Month-to-month,1,DSL,45.2,45.2,Electronic check,No,No,No,0
2604-IJPDU,0.4639,High Risk,Yes,Month-to-month,20,Fiber optic,96.55,1901.65,Electronic check,No,Yes,Yes,0
7279-BUYWN,0.4606,High Risk,Yes,Month-to-month,41,Fiber optic,113.2,4689.5,Electronic check,No,Yes,No,1
6845-RGTYS,0.4591,High Risk,Yes,Month-to-month,47,Fiber optic,98.75,4533.7,Electronic check,No,Yes,No,1
4526-ZJJTM,0.4586,High Risk,Yes,Month-to-month,25,Fiber optic,88.4,2191.15,Bank transfer (automatic),No,No,No,0
1536-HBSWP,0.4563,High Risk,Yes,Month-to-month,1,DSL,49.9,49.9,Electronic check,No,No,Yes,0
3627-FHKBK,0.4563,High Risk,Yes,Month-to-month,1,Fiber optic,75.3,75.3,Mailed check,No,Yes,No,1
3331-HQDTW,0.4554,High Risk,Yes,Month-to-month,34,Fiber optic,109.8,3587.25,Mailed check,No,Yes,No,1
2587-EKXTS,0.4546,High Risk,Yes,Month-to-month,44,Fiber optic,111.5,4915.15,Electronic check,No,Yes,No,0
5133-POWUA,0.4541,High Risk,Yes,Month-to-month,1,DSL,45.8,45.8,Mailed check,No,No,No,0
5692-FPTAH,0.4536,High Risk,Yes,Month-to-month,1,DSL,45.4,45.4,Mailed check,No,No,No,1
1816-FLZDK,0.453,High Risk,Yes,Month-to-month,1,DSL,29.15,29.15,Mailed check,No,No,Yes,0
7529-ZDFXI,0.4524,High Risk,Yes,Month-to-month,57,Fiber optic,89.85,4925.35,Electronic check,No,No,No,0
8158-WPEZG,0.452,High Risk,Yes,Month-to-month,11,DSL,35.65,425.1,Electronic check,No,No,Yes,0
1310-QRITU,0.451,High Risk,Yes,Month-to-month,18,DSL,50.3,913.3,Electronic check,No,No,No,0
4640-UHDOS,0.4501,High Risk,Yes,Month-to-month,13,DSL,55.95,734.35,Electronic check,No,No,No,1
0422-UXFAP,0.4453,High Risk,Yes,One year,51,Fiber optic,98.85,4947.55,Electronic check,No,No,No,0
4993-JCRGJ,0.4443,High Risk,Yes,Month-to-month,26,Fiber optic,84.3,2281.6,Mailed check,No,No,Yes,0
9381-NDKME,0.4423,High Risk,Yes,Month-to-month,24,DSL,40.65,933.3,Credit card (automatic),No,No,No,1
6128-AQBMT,0.4422,High Risk,Yes,Month-to-month,41,DSL,53.95,2215.4,Electronic check,No,No,No,0
2277-VWCNI,0.4415,High Risk,Yes,Month-to-month,4,DSL,48.75,179.85,Mailed check,No,No,No,0
8280-MQRQN,0.4409,High Risk,Yes,Month-to-month,1,DSL,50.45,50.45,Mailed check,No,No,No,1
6227-HWPWX,0.4405,High Risk,Yes,Month-to-month,15,Fiber optic,69.0,994.8,Bank transfer (automatic),No,No,No,1
0322-CHQRU,0.4404,High Risk,Yes,Month-to-month,2,DSL,45.35,89.5,Electronic check,No,No,No,1
6048-QBXKL,0.4403,High Risk,Yes,Month-to-month,2,DSL,56.55,118.25,Credit card (automatic),No,No,No,0
7277-OZCGZ,0.4385,High Risk,Yes,Month-to-month,22,Fiber optic,89.05,1886.25,Electronic check,No,Yes,Yes,0
0431-APWVY,0.4377,High Risk,Yes,One year,28,Fiber optic,90.1,2598.95,Bank transfer (automatic),No,No,No,1
1357-BIJKI,0.4373,High Risk,Yes,One year,50,Fiber optic,98.25,4858.7,Electronic check,No,No,No,0
6729-GDNGC,0.4349,High Risk,Yes,Month-to-month,20,Fiber optic,80.7,1614.2,Bank transfer (automatic),No,No,No,0
9710-ZUSHQ,0.4325,High Risk,Yes,Month-to-month,37,Fiber optic,106.75,4056.75,Bank transfer (automatic),No,Yes,No,1
1587-FKLZB,0.4316,High Risk,Yes,Month-to-month,66,Fiber optic,99.5,6822.15,Credit card (automatic),No,No,No,1
2988-PLAHS,0.4304,High Risk,Yes,One year,3,DSL,69.95,220.45,Electronic check,No,No,No,0
4695-VADHF,0.4294,High Risk,Yes,Month-to-month,18,DSL,57.45,990.85,Electronic check,No,No,No,1
0531-ZZJWQ,0.4292,High Risk,Yes,Month-to-month,55,Fiber optic,74.0,4052.4,Electronic check,No,No,No,0
9992-UJOEL,0.429,High Risk,Yes,Month-to-month,2,DSL,50.3,92.75,Mailed check,No,No,No,0
2432-TFSMK,0.4281,High Risk,Yes,One year,18,Fiber optic,89.6,1633.0,Credit card (automatic),No,No,No,0
1169-WCVAK,0.4239,High Risk,Yes,Month-to-month,19,Fiber optic,88.8,1672.35,Credit card (automatic),No,Yes,Yes,0
7504-UWHNB,0.4238,High Risk,Yes,Month-to-month,25,Fiber optic,69.75,1729.35,Electronic check,No,No,No,0
1471-GIQKQ,0.4235,High Risk,Yes,Month-to-month,1,DSL,49.95,49.95,Electronic check,No,No,No,0
5301-GAUUY,0.4228,High Risk,Yes,Month-to-month,32,Fiber optic,80.35,2596.15,Bank transfer (automatic),No,No,No,1
6304-IJFSQ,0.4223,High Risk,Yes,Month-to-month,3,DSL,49.9,130.1,Mailed check,No,No,No,1
4905-JEFDW,0.4214,High Risk,Yes,One year,11,DSL,41.6,470.6,Electronic check,No,No,No,1
6710-HSJRD,0.4213,High Risk,Yes,Month-to-month,61,Fiber optic,114.1,7132.15,Electronic check,No,No,Yes,0
8058-DMYRU,0.4212,High Risk,Yes,Month-to-month,54,Fiber optic,90.05,4931.8,Electronic check,No,No,No,0
4678-DVQEO,0.4208,High Risk,Yes,Month-to-month,1,DSL,52.2,52.2,Electronic check,No,No,Yes,1
0015-UOCOJ,0.4205,High Risk,Yes,Month-to-month,7,DSL,48.2,340.35,Electronic check,No,Yes,No,0
3569-EDBPQ,0.4178,High Risk,Yes,Month-to-month,24,Fiber optic,84.35,1938.05,Electronic check,No,Yes,Yes,0
1465-LNTLJ,0.4166,High Risk,Yes,Month-to-month,8,DSL,64.4,581.7,Credit card (automatic),No,No,Yes,0
2770-NSVDG,0.4161,High Risk,Yes,Month-to-month,24,DSL,29.1,688.0,Electronic check,No,No,No,0
6711-VTNRE,0.416,High Risk,Yes,Month-to-month,36,Fiber optic,87.55,3078.1,Electronic check,No,No,Yes,1
2257-BOVXD,0.4152,High Risk,Yes,Month-to-month,14,DSL,66.6,979.5,Credit card (automatic),No,No,Yes,0
6022-UGGSO,0.4146,High Risk,Yes,Month-to-month,32,Fiber optic,74.4,2276.95,Electronic check,No,No,No,1
6770-XUAGN,0.4142,High Risk,Yes,Month-to-month,1,No,21.0,21.0,Electronic check,No,No internet service,No internet service,1
6825-UYPFK,0.414,High Risk,Yes,Month-to-month,23,Fiber optic,75.6,1758.6,Bank transfer (automatic),No,No,No,1
4983-CLMLV,0.4133,High Risk,Yes,Month-to-month,52,Fiber optic,102.7,5138.1,Credit card (automatic),No,No,Yes,0
6429-SHBCB,0.4112,High Risk,Yes,Month-to-month,19,DSL,69.6,1394.55,Mailed check,No,No,No,0
3197-ARFOY,0.4095,High Risk,Yes,Month-to-month,19,Fiber optic,105.0,2007.25,Mailed check,No,Yes,Yes,0
7876-BEUTG,0.4088,High Risk,Yes,Month-to-month,15,DSL,48.8,720.1,Mailed check,No,No,No,0
1261-FWTTE,0.4085,High Risk,Yes,Month-to-month,23,DSL,34.65,768.45,Bank transfer (automatic),No,No,No,0
4840-ORQXB,0.4027,High Risk,Yes,Month-to-month,56,Fiber optic,104.75,5841.35,Electronic check,No,No,No,0
0730-KOAVE,0.4004,High Risk,Yes,Month-to-month,30,Fiber optic,94.3,2679.7,Credit card (automatic),No,Yes,No,0
3658-KIBGF,0.4003,High Risk,Yes,Month-to-month,1,DSL,54.9,54.9,Electronic check,No,Yes,No,1
7055-HNEOJ,0.3998,High Risk,Yes,Month-to-month,3,DSL,55.8,154.55,Mailed check,No,No,Yes,0
5949-HGVJL,0.3977,High Risk,Yes,Month-to-month,26,DSL,73.05,1959.5,Electronic check,No,No,Yes,0
2960-NKRSO,0.3974,High Risk,Yes,Month-to-month,24,Fiber optic,85.95,2107.15,Electronic check,No,No,Yes,0
0979-PHULV,0.397,High Risk,Yes,Month-to-month,69,Fiber optic,99.45,7007.6,Credit card (automatic),No,No,No,1
4329-YPDDQ,0.3922,High Risk,Yes,Month-to-month,20,Fiber optic,108.2,2203.7,Bank transfer (automatic),No,Yes,Yes,0
0363-QJVFX,0.3913,High Risk,Yes,Month-to-month,32,Fiber optic,108.15,3432.9,Credit card (automatic),No,Yes,Yes,1
4208-UFFGW,0.3904,High Risk,Yes,Month-to-month,2,DSL,44.95,85.15,Mailed check,No,No,No,1
1559-DTODC,0.3894,High Risk,Yes,Month-to-month,19,DSL,25.15,468.35,Bank transfer (automatic),No,No,No,0
3594-KADLU,0.3893,High Risk,Yes,Month-to-month,3,DSL,35.1,101.1,Mailed check,No,Yes,Yes,0
7579-OOPEC,0.3891,High Risk,Yes,Month-to-month,2,DSL,50.15,115.1,Credit card (automatic),No,No,No,1
6234-PFPXL,0.3886,High Risk,Yes,Month-to-month,22,Fiber optic,95.9,2234.95,Credit card (automatic),No,Yes,Yes,0
1205-WNWPJ,0.3872,High Risk,Yes,Month-to-month,7,DSL,59.5,415.95,Mailed check,No,No,Yes,1
1550-LOAHA,0.3862,High Risk,Yes,Month-to-month,32,Fiber optic,84.15,2585.95,Bank transfer (automatic),No,No,No,1
2672-OJQZP,0.386,High Risk,Yes,Month-to-month,1,DSL,44.75,44.75,Mailed check,No,No,No,0
6173-GOLSU,0.3858,High Risk,Yes,Month-to-month,67,Fiber optic,94.65,6079.0,Credit card (automatic),No,No,No,0
9812-GHVRI,0.3847,High Risk,Yes,Month-to-month,40,Fiber optic,83.85,3532.25,Bank transfer (automatic),No,No,No,0
4226-KKDON,0.384,High Risk,Yes,Month-to-month,8,DSL,66.65,520.95,Electronic check,No,No,Yes,0
4690-LLKUA,0.3832,High Risk,Yes,Month-to-month,17,DSL,45.05,770.6,Electronic check,No,No,No,1
5438-QMDDL,0.3826,High Risk,Yes,Month-to-month,19,DSL,59.8,1130.85,Mailed check,No,No,No,0
3207-OYBWH,0.3809,High Risk,Yes,Month-to-month,57,Fiber optic,95.25,5427.05,Bank transfer (automatic),No,No,No,1
1895-QTKDO,0.3781,High Risk,Yes,Month-to-month,1,DSL,43.95,43.95,Credit card (automatic),No,No,No,0
8840-DQLGN,0.3779,High Risk,Yes,Month-to-month,35,Fiber optic,100.5,3653.35,Bank transfer (automatic),No,Yes,Yes,1
2139-FQHLM,0.3746,High Risk,Yes,Month-to-month,19,Fiber optic,89.95,1682.4,Mailed check,No,No,Yes,0
4829-AUOAX,0.3745,High Risk,Yes,Month-to-month,46,Fiber optic,96.05,4399.5,Bank transfer (automatic),No,No,No,1
5698-BQJOH,0.3742,High Risk,Yes,Month-to-month,9,Fiber optic,94.4,857.25,Electronic check,Yes,No,No,1
2190-BCXEC,0.3738,High Risk,Yes,Month-to-month,40,Fiber optic,78.85,3126.85,Credit card (automatic),No,No,Yes,0
7054-LGEQW,0.3736,High Risk,Yes,Month-to-month,1,DSL,45.95,45.95,Mailed check,No,No,No,1
4223-WOZCM,0.3734,High Risk,Yes,Month-to-month,2,DSL,49.95,107.1,Mailed check,No,No,No,0
9054-FOWNV,0.373,High Risk,Yes,Month-to-month,22,Fiber optic,88.75,1885.15,Electronic check,Yes,No,No,0
2101-RANCD,0.3723,High Risk,Yes,Month-to-month,55,Fiber optic,73.1,4144.9,Electronic check,No,No,No,0
3325-FUYCG,0.3714,High Risk,Yes,One year,28,Fiber optic,106.1,2847.4,Electronic check,No,Yes,No,1
8033-VCZGH,0.3711,High Risk,Yes,One year,50,Fiber optic,103.95,5231.3,Electronic check,No,Yes,No,0
0668-OGMHD,0.3698,High Risk,Yes,Month-to-month,21,DSL,28.5,629.35,Electronic check,No,Yes,No,0
6137-NICCO,0.3673,High Risk,Yes,Month-to-month,6,Fiber optic,94.05,518.75,Mailed check,Yes,No,No,0
9732-KPKBW,0.3656,High Risk,Yes,Month-to-month,1,DSL,53.95,53.95,Electronic check,No,Yes,Yes,1
9819-FBNSV,0.3626,High Risk,Yes,Month-to-month,37,Fiber optic,72.25,2575.45,Bank transfer (automatic),No,No,No,0
5213-TWWJU,0.3622,High Risk,Yes,Month-to-month,28,Fiber optic,91.0,2626.15,Electronic check,No,No,Yes,0
7410-KTVFV,0.3579,High Risk,Yes,Month-to-month,18,DSL,49.55,878.35,Mailed check,No,No,No,1
3923-CSIHK,0.3575,High Risk,Yes,Month-to-month,50,Fiber optic,71.05,3444.85,Electronic check,No,No,No,1
6646-QVXLR,0.3558,High Risk,Yes,One year,62,Fiber optic,103.75,6383.35,Electronic check,No,No,No,1
4067-HLYQI,0.3546,High Risk,Yes,Month-to-month,33,Fiber optic,70.4,2406.1,Bank transfer (automatic),No,No,No,0
1848-LBZHY,0.3543,High Risk,Yes,Month-to-month,7,DSL,50.3,355.1,Bank transfer (automatic),No,Yes,No,0
9254-RBFON,0.3529,High Risk,Yes,One year,17,Fiber optic,98.6,1704.95,Bank transfer (automatic),No,No,Yes,1
2386-OWURY,0.348,Lower Risk,No,Month-to-month,58,Fiber optic,95.3,5817.7,Electronic check,No,No,Yes,0
8757-TFHHJ,0.346,Lower Risk,No,Month-to-month,1,DSL,49.8,49.8,Credit card (automatic),No,Yes,No,0
6257-RJOHI,0.3452,Lower Risk,No,Month-to-month,4,DSL,50.8,202.3,Mailed check,No,No,Yes,0
5402-HTOTQ,0.3439,Lower Risk,No,Month-to-month,16,DSL,55.3,875.35,Electronic check,No,No,No,0
2692-PFYTJ,0.3427,Lower Risk,No,Month-to-month,1,No,25.75,25.75,Mailed check,No,No internet service,No internet service,0
3069-SSVSN,0.3423,Lower Risk,No,One year,1,DSL,25.85,25.85,Mailed check,No,No,No,0
9112-WSNPU,0.3418,Lower Risk,No,Month-to-month,35,Fiber optic,70.55,2419.0,Electronic check,No,No,No,0
5575-TPIZQ,0.3415,Lower Risk,No,Month-to-month,46,Fiber optic,89.15,4245.55,Credit card (automatic),No,Yes,No,0
4396-KLSEH,0.3396,Lower Risk,No,Month-to-month,4,No,19.85,63.0,Electronic check,No,No internet service,No internet service,0
8805-JNRAZ,0.3387,Lower Risk,No,Month-to-month,2,DSL,49.2,103.7,Mailed check,No,No,No,0
0058-EVZWM,0.3378,Lower Risk,No,Month-to-month,55,Fiber optic,89.8,4959.6,Bank transfer (automatic),No,Yes,No,0
6184-DYUOB,0.3355,Lower Risk,No,Month-to-month,3,No,19.6,55.25,Mailed check,No,No internet service,No internet service,0
0742-MOABM,0.3342,Lower Risk,No,Month-to-month,4,DSL,50.05,179.35,Mailed check,No,No,Yes,1
8623-ULFNQ,0.3328,Lower Risk,No,Month-to-month,26,DSL,66.05,1652.4,Electronic check,No,No,Yes,0
9327-QSDED,0.3311,Lower Risk,No,Month-to-month,8,DSL,43.55,335.4,Mailed check,No,No,No,0
4819-HJPIW,0.3309,Lower Risk,No,Month-to-month,18,DSL,25.15,476.8,Mailed check,No,No,No,0
7054-ENNGU,0.3304,Lower Risk,No,Month-to-month,9,DSL,50.85,466.6,Mailed check,No,No,No,0
9079-YEXQJ,0.3302,Lower Risk,No,Month-to-month,54,Fiber optic,111.1,6014.85,Electronic check,No,No,Yes,1
2452-KDRRH,0.3289,Lower Risk,No,Month-to-month,67,Fiber optic,101.4,6841.05,Credit card (automatic),No,No,No,0
7928-VJYAB,0.3274,Lower Risk,No,Month-to-month,11,Fiber optic,90.6,1020.2,Electronic check,Yes,No,No,0
8455-HIRAQ,0.326,Lower Risk,No,Month-to-month,8,DSL,44.45,369.3,Mailed check,No,No,No,0
6713-OKOMC,0.3255,Lower Risk,No,Month-to-month,10,DSL,29.75,301.9,Mailed check,No,Yes,No,0
6284-KMNUF,0.3246,Lower Risk,No,One year,56,Fiber optic,98.0,5270.6,Electronic check,No,Yes,No,0
0390-DCFDQ,0.3243,Lower Risk,No,Month-to-month,1,Fiber optic,70.45,70.45,Mailed check,Yes,No,No,1
2279-AXJJK,0.324,Lower Risk,No,Month-to-month,52,Fiber optic,95.65,5088.4,Credit card (automatic),No,No,Yes,0
5600-PDUJF,0.3238,Lower Risk,No,Month-to-month,6,DSL,49.5,312.7,Credit card (automatic),No,No,Yes,0
9822-WMWVG,0.3237,Lower Risk,No,Month-to-month,41,Fiber optic,106.5,4282.4,Electronic check,No,Yes,Yes,0
1541-ETJZO,0.3232,Lower Risk,No,Month-to-month,1,DSL,62.05,62.05,Mailed check,No,No,Yes,1
7067-KSAZT,0.3215,Lower Risk,No,One year,65,Fiber optic,106.25,6979.8,Electronic check,No,No,No,1
2778-OCLGR,0.3186,Lower Risk,No,Month-to-month,24,DSL,39.1,971.3,Bank transfer (automatic),No,Yes,No,1
2195-VVRJF,0.3174,Lower Risk,No,Month-to-month,18,DSL,59.1,1011.05,Credit card (automatic),No,Yes,No,0
2522-AHJXR,0.3159,Lower Risk,No,Month-to-month,60,Fiber optic,109.45,6572.85,Bank transfer (automatic),No,Yes,Yes,0
3018-TFTSU,0.3137,Lower Risk,No,Month-to-month,12,Fiber optic,81.7,858.6,Bank transfer (automatic),No,Yes,No,1
9767-FFLEM,0.3114,Lower Risk,No,Month-to-month,38,Fiber optic,69.5,2625.25,Credit card (automatic),No,No,No,0
7398-LXGYX,0.3109,Lower Risk,No,Month-to-month,44,Fiber optic,84.8,3626.35,Credit card (automatic),No,Yes,No,0
4724-WXVWF,0.3107,Lower Risk,No,Month-to-month,48,Fiber optic,95.4,4445.3,Electronic check,No,Yes,Yes,0
9103-TCIHJ,0.3105,Lower Risk,No,Month-to-month,15,DSL,55.7,899.8,Mailed check,No,Yes,No,1
1379-FRVEB,0.3104,Lower Risk,No,Month-to-month,15,Fiber optic,91.0,1430.05,Electronic check,Yes,No,No,0
2924-KHUVI,0.3102,Lower Risk,No,One year,56,Fiber optic,100.55,5514.95,Electronic check,No,Yes,No,0
2293-IJWPS,0.3096,Lower Risk,No,One year,57,Fiber optic,100.75,5985.0,Credit card (automatic),No,No,No,0
8728-SKJLR,0.307,Lower Risk,No,Month-to-month,41,Fiber optic,74.25,3089.1,Electronic check,No,No,Yes,0
6854-EXGSF,0.3065,Lower Risk,No,Month-to-month,8,DSL,65.5,573.15,Bank transfer (automatic),No,Yes,No,0
4667-OHGKG,0.3059,Lower Risk,No,Month-to-month,1,No,19.3,19.3,Mailed check,No,No internet service,No internet service,1
1622-HSHSF,0.3058,Lower Risk,No,Month-to-month,1,No,19.55,19.55,Mailed check,No,No internet service,No internet service,0
9163-GHAYE,0.3056,Lower Risk,No,Month-to-month,15,DSL,48.85,736.8,Electronic check,No,No,No,0
1370-GGAWX,0.304,Lower Risk,No,One year,46,Fiber optic,94.15,4408.45,Electronic check,No,No,No,0
6874-SGLHU,0.3011,Lower Risk,No,One year,30,Fiber optic,97.0,3021.3,Bank transfer (automatic),No,No,No,0
2087-QAREY,0.3005,Lower Risk,No,Month-to-month,22,DSL,54.7,1178.75,Mailed check,No,No,No,0
2369-FEVNO,0.3001,Lower Risk,No,Month-to-month,1,No,19.9,19.9,Mailed check,No,No internet service,No internet service,0
8992-CEUEN,0.2999,Lower Risk,No,Month-to-month,1,No,18.85,18.85,Electronic check,No,No internet service,No internet service,0
1240-KNSEZ,0.2992,Lower Risk,No,Month-to-month,1,No,20.1,20.1,Mailed check,No,No internet service,No internet service,1
2480-EJWYP,0.298,Lower Risk,No,One year,58,Fiber optic,97.8,5458.8,Bank transfer (automatic),No,No,No,0
0719-SYFRB,0.2972,Lower Risk,No,Month-to-month,12,DSL,61.65,713.75,Mailed check,No,Yes,Yes,1
2478-EEWWM,0.2962,Lower Risk,No,Month-to-month,59,DSL,44.3,2666.75,Electronic check,No,No,No,0
2446-ZKVAF,0.2951,Lower Risk,No,Month-to-month,18,DSL,56.8,1074.65,Credit card (automatic),No,No,No,0
1575-KRZZE,0.2945,Lower Risk,No,Month-to-month,4,DSL,55.2,220.65,Electronic check,No,Yes,No,0
6815-ABQFQ,0.2942,Lower Risk,No,One year,56,Fiber optic,107.25,6033.3,Electronic check,No,No,Yes,0
6047-YHPVI,0.2937,Lower Risk,No,Month-to-month,5,Fiber optic,69.7,316.9,Electronic check,Yes,No,No,1
1217-VASWC,0.2934,Lower Risk,No,One year,43,Fiber optic,100.55,4304.0,Bank transfer (automatic),No,No,No,0
3982-XWFZQ,0.2906,Lower Risk,No,Month-to-month,42,DSL,50.25,2203.65,Electronic check,No,No,No,1
2108-YKQTY,0.2872,Lower Risk,No,Month-to-month,4,DSL,50.7,151.3,Credit card (automatic),No,No,No,1
8713-IGZSO,0.2864,Lower Risk,No,Month-to-month,2,No,24.85,62.0,Mailed check,No,No internet service,No internet service,0
1493-AMTIE,0.2853,Lower Risk,No,Month-to-month,1,No,20.2,20.2,Bank transfer (automatic),No,No internet service,No internet service,1
7893-IXHRQ,0.2852,Lower Risk,No,Month-to-month,1,No,20.55,20.55,Electronic check,No,No internet service,No internet service,1
9779-DPNEJ,0.2851,Lower Risk,No,Month-to-month,22,Fiber optic,80.15,1790.65,Electronic check,Yes,No,No,0
7495-OOKFY,0.2843,Lower Risk,No,Month-to-month,8,Fiber optic,80.65,633.3,Credit card (automatic),Yes,No,No,1
7853-WNZSY,0.2839,Lower Risk,No,Month-to-month,1,No,19.75,19.75,Credit card (automatic),No,No internet service,No internet service,0
7251-LJBQN,0.2834,Lower Risk,No,One year,40,Fiber optic,103.75,4188.4,Credit card (automatic),No,No,Yes,0
1087-UDSIH,0.2822,Lower Risk,No,Month-to-month,3,No,19.6,59.75,Mailed check,No,No internet service,No internet service,1
7629-WIXZF,0.282,Lower Risk,No,One year,7,DSL,59.1,369.25,Electronic check,No,Yes,No,0
2828-SLQPF,0.282,Lower Risk,No,Month-to-month,19,DSL,45.0,865.85,Bank transfer (automatic),No,No,No,0
0471-ARVMX,0.2815,Lower Risk,No,One year,62,Fiber optic,104.85,6312.9,Electronic check,No,Yes,No,0
7750-EYXWZ,0.2814,Lower Risk,No,One year,12,DSL,60.65,743.3,Electronic check,No,No,Yes,0
0823-HSCDJ,0.279,Lower Risk,No,Month-to-month,52,DSL,49.15,2550.9,Electronic check,No,No,No,1
5136-RGMZO,0.2786,Lower Risk,No,Month-to-month,31,DSL,71.05,2168.15,Electronic check,No,No,Yes,0
4237-CLSMM,0.277,Lower Risk,No,Month-to-month,2,No,20.0,38.0,Mailed check,No,No internet service,No internet service,0
4672-FOTSD,0.2761,Lower Risk,No,Month-to-month,12,DSL,67.25,832.3,Electronic check,No,Yes,Yes,0
3604-WLABM,0.2761,Lower Risk,No,Month-to-month,10,DSL,54.25,583.0,Electronic check,No,No,Yes,0
3179-GBRWV,0.276,Lower Risk,No,Month-to-month,21,DSL,64.95,1339.8,Bank transfer (automatic),No,Yes,No,0
1360-JYXKQ,0.2745,Lower Risk,No,One year,54,Fiber optic,99.1,5437.1,Electronic check,No,No,Yes,0
4524-QCSSM,0.2744,Lower Risk,No,Month-to-month,26,DSL,44.65,1156.55,Bank transfer (automatic),No,Yes,No,0
6270-OMFIW,0.2735,Lower Risk,No,One year,60,Fiber optic,94.4,5610.25,Electronic check,No,No,No,1
5136-GFPMB,0.2731,Lower Risk,No,Month-to-month,54,Fiber optic,89.4,4869.5,Credit card (automatic),No,No,No,0
6898-MDLZW,0.2726,Lower Risk,No,Month-to-month,12,DSL,53.75,648.65,Mailed check,No,No,Yes,0
2955-PSXOE,0.2721,Lower Risk,No,Month-to-month,1,No,20.2,20.2,Bank transfer (automatic),No,No internet service,No internet service,1
5186-EJEGL,0.272,Lower Risk,No,Month-to-month,9,DSL,69.5,653.25,Mailed check,No,Yes,Yes,0
3594-IVHJZ,0.2719,Lower Risk,No,Month-to-month,2,No,20.45,42.45,Mailed check,No,No internet service,No internet service,0
4947-DSMXK,0.2718,Lower Risk,No,Month-to-month,34,Fiber optic,97.7,3410.0,Bank transfer (automatic),Yes,No,No,0
1077-HUUJM,0.2705,Lower Risk,No,Month-to-month,7,Fiber optic,71.05,472.65,Electronic check,Yes,No,No,0
6890-PFRQX,0.2696,Lower Risk,No,Month-to-month,18,DSL,69.5,1199.4,Mailed check,No,Yes,No,0
3756-VNWDH,0.2695,Lower Risk,No,One year,65,Fiber optic,100.75,6674.65,Electronic check,No,Yes,No,0
8620-RJPZN,0.2693,Lower Risk,No,Month-to-month,1,No,20.7,20.7,Electronic check,No,No internet service,No internet service,0
9139-WQQDY,0.2691,Lower Risk,No,One year,49,Fiber optic,100.45,4941.8,Mailed check,No,No,No,1
5469-CTCWN,0.2675,Lower Risk,No,One year,61,Fiber optic,106.0,6547.7,Electronic check,No,Yes,No,1
0701-TJSEF,0.2671,Lower Risk,No,Month-to-month,9,DSL,68.25,576.95,Bank transfer (automatic),No,Yes,Yes,0
4693-VWVBO,0.2667,Lower Risk,No,Month-to-month,3,No,19.55,61.05,Electronic check,No,No internet service,No internet service,0
7124-UGSUR,0.2659,Lower Risk,No,One year,61,Fiber optic,104.4,6405.0,Credit card (automatic),No,No,No,1
9643-AVVWI,0.2652,Lower Risk,No,Month-to-month,3,Fiber optic,80.0,241.3,Electronic check,Yes,No,Yes,0
7130-CTCUS,0.2628,Lower Risk,No,Month-to-month,16,DSL,54.55,825.1,Bank transfer (automatic),No,Yes,No,0
0959-WHOKV,0.2603,Lower Risk,No,One year,42,Fiber optic,99.0,4298.45,Electronic check,No,Yes,No,0
2995-UPRYS,0.2585,Lower Risk,No,One year,40,Fiber optic,99.2,4062.2,Credit card (automatic),No,No,Yes,1
3523-QRQLL,0.2565,Lower Risk,No,One year,22,DSL,69.5,1498.2,Bank transfer (automatic),No,No,No,1
7017-VFULY,0.2563,Lower Risk,No,Month-to-month,2,No,20.1,43.15,Bank transfer (automatic),No,No internet service,No internet service,0
3794-NFNCH,0.2558,Lower Risk,No,Month-to-month,30,DSL,50.0,1474.9,Mailed check,No,No,No,0
4190-MFLUW,0.2551,Lower Risk,No,Month-to-month,10,DSL,55.2,528.35,Credit card (automatic),No,No,Yes,1
4945-RVMTE,0.254,Lower Risk,No,Month-to-month,28,DSL,59.55,1646.45,Bank transfer (automatic),No,No,No,0
6258-NGCNG,0.2522,Lower Risk,No,Month-to-month,7,No,23.5,173.0,Mailed check,No,No internet service,No internet service,0
2669-QVCRG,0.2522,Lower Risk,No,Month-to-month,41,Fiber optic,81.3,3190.65,Credit card (automatic),No,Yes,No,0
3858-XHYJO,0.2507,Lower Risk,No,One year,40,Fiber optic,105.75,4228.55,Bank transfer (automatic),No,Yes,No,0
7251-XFOIL,0.2503,Lower Risk,No,Month-to-month,61,Fiber optic,89.2,5500.6,Mailed check,No,No,No,0
1386-ZIKUV,0.25,Lower Risk,No,Month-to-month,7,No,18.95,130.55,Mailed check,No,No internet service,No internet service,0
6769-DYBQN,0.2499,Lower Risk,No,Month-to-month,46,Fiber optic,85.0,3969.4,Electronic check,No,Yes,No,1
8166-ORCHU,0.2484,Lower Risk,No,One year,33,Fiber optic,93.55,3055.5,Electronic check,No,Yes,Yes,0
8445-DNBAE,0.2465,Lower Risk,No,Month-to-month,1,DSL,50.05,50.05,Electronic check,Yes,No,No,0
5022-JNQEQ,0.2461,Lower Risk,No,Month-to-month,9,Fiber optic,75.85,647.5,Electronic check,Yes,No,Yes,0
8212-DJRCH,0.2455,Lower Risk,No,Month-to-month,5,Fiber optic,90.35,434.5,Mailed check,Yes,Yes,No,0
7395-XWZOY,0.2452,Lower Risk,No,Month-to-month,20,DSL,55.0,1165.55,Credit card (automatic),No,Yes,Yes,0
4003-FUSHP,0.2443,Lower Risk,No,Month-to-month,19,DSL,61.55,1093.2,Credit card (automatic),No,No,Yes,0
9097-ZUBYC,0.2435,Lower Risk,No,Month-to-month,14,DSL,48.8,664.4,Bank transfer (automatic),No,No,Yes,0
1015-OWJKI,0.2422,Lower Risk,No,Month-to-month,1,No,19.05,19.05,Mailed check,No,No internet service,No internet service,0
0463-WZZKO,0.24,Lower Risk,No,Month-to-month,3,No,20.75,67.1,Credit card (automatic),No,No internet service,No internet service,0
5482-NUPNA,0.2399,Lower Risk,No,Month-to-month,4,DSL,60.4,272.15,Mailed check,No,Yes,Yes,1
6664-FPDAC,0.2398,Lower Risk,No,One year,56,Fiber optic,111.95,6418.9,Electronic check,No,No,Yes,1
9025-ZRPVR,0.2379,Lower Risk,No,Month-to-month,9,No,18.95,185.6,Mailed check,No,No internet service,No internet service,1
9788-YTFGE,0.2371,Lower Risk,No,Month-to-month,7,No,19.95,147.5,Mailed check,No,No internet service,No internet service,0
4541-RMRLG,0.237,Lower Risk,No,Month-to-month,7,No,19.25,112.3,Electronic check,No,No internet service,No internet service,1
7018-WBJNK,0.2369,Lower Risk,No,Month-to-month,13,Fiber optic,78.3,1033.95,Credit card (automatic),Yes,No,No,0
9701-CDXHR,0.2368,Lower Risk,No,Month-to-month,51,Fiber optic,69.15,3649.6,Mailed check,No,No,No,0
4016-BJKTZ,0.2356,Lower Risk,No,Two year,25,Fiber optic,108.9,2809.05,Electronic check,No,No,Yes,0
4892-VLANZ,0.2356,Lower Risk,No,Month-to-month,1,No,19.8,19.8,Mailed check,No,No internet service,No internet service,1
6286-SUUWT,0.2352,Lower Risk,No,Month-to-month,1,No,19.95,19.95,Mailed check,No,No internet service,No internet service,0
2659-VXMWZ,0.2345,Lower Risk,No,One year,67,Fiber optic,111.3,7482.1,Electronic check,No,Yes,No,1
7603-USHJS,0.2345,Lower Risk,No,Month-to-month,12,Fiber optic,73.75,871.4,Credit card (automatic),Yes,No,No,1
5766-ZJYBB,0.2341,Lower Risk,No,Month-to-month,1,No,19.4,19.4,Mailed check,No,No internet service,No internet service,1
3339-EAQNV,0.234,Lower Risk,No,One year,72,Fiber optic,97.25,7133.1,Credit card (automatic),No,No,No,0
9033-EOXWV,0.2336,Lower Risk,No,One year,12,DSL,74.05,872.65,Mailed check,No,No,Yes,1
8053-WWDRO,0.2333,Lower Risk,No,Month-to-month,6,No,19.5,146.3,Bank transfer (automatic),No,No internet service,No internet service,1
7239-HZZCX,0.2332,Lower Risk,No,Month-to-month,1,No,19.75,19.75,Mailed check,No,No internet service,No internet service,1
3694-GLTJM,0.2322,Lower Risk,No,Month-to-month,5,No,19.65,92.05,Credit card (automatic),No,No internet service,No internet service,0
8970-ANWXO,0.2315,Lower Risk,No,One year,23,DSL,73.75,1756.6,Mailed check,No,No,Yes,0
4160-AMJTL,0.2301,Lower Risk,No,Month-to-month,8,No,19.65,164.3,Electronic check,No,No internet service,No internet service,1
2308-STERM,0.23,Lower Risk,No,Month-to-month,2,No,19.4,61.05,Mailed check,No,No internet service,No internet service,0
6654-QGBZZ,0.2297,Lower Risk,No,Month-to-month,1,No,19.9,19.9,Mailed check,No,No internet service,No internet service,0
8409-WQJUX,0.2296,Lower Risk,No,One year,25,DSL,54.2,1423.15,Electronic check,No,No,Yes,0
5380-WJKOV,0.2296,Lower Risk,No,Month-to-month,34,Fiber optic,106.35,3549.25,Electronic check,Yes,No,No,1
3313-QKNKB,0.2288,Lower Risk,No,One year,59,Fiber optic,85.55,5084.65,Electronic check,No,No,No,1
0733-VUNUW,0.2278,Lower Risk,No,Month-to-month,24,DSL,55.65,1400.55,Bank transfer (automatic),No,Yes,No,1
2843-CQMEG,0.2278,Lower Risk,No,Month-to-month,24,DSL,49.7,1218.25,Mailed check,No,No,No,0
5198-EFNBM,0.2275,Lower Risk,No,One year,57,Fiber optic,90.65,5199.8,Electronic check,No,No,No,0
4412-YLTKF,0.2273,Lower Risk,No,Month-to-month,27,Fiber optic,78.05,2135.5,Electronic check,Yes,No,No,1
3976-NLDEZ,0.2265,Lower Risk,No,Month-to-month,1,No,20.6,20.6,Mailed check,No,No internet service,No internet service,0
7733-UDMTP,0.2257,Lower Risk,No,Month-to-month,57,DSL,55.0,3094.05,Electronic check,No,No,No,0
9122-UMROB,0.2253,Lower Risk,No,Month-to-month,1,No,20.3,20.3,Mailed check,No,No internet service,No internet service,0
3930-ZGWVE,0.2241,Lower Risk,No,Month-to-month,1,No,19.75,19.75,Mailed check,No,No internet service,No internet service,0
1051-GEJLJ,0.2238,Lower Risk,No,Month-to-month,2,No,19.5,27.55,Mailed check,No,No internet service,No internet service,0
8378-LKJAF,0.2217,Lower Risk,No,Month-to-month,38,Fiber optic,101.15,3956.7,Credit card (automatic),Yes,No,No,0
6733-LRIZX,0.2214,Lower Risk,No,Two year,35,Fiber optic,108.95,4025.5,Electronic check,No,Yes,Yes,0
4211-MMAZN,0.2209,Lower Risk,No,Month-to-month,1,No,20.25,20.25,Mailed check,No,No internet service,No internet service,1
8190-ZTQFB,0.2205,Lower Risk,No,One year,41,DSL,51.35,2075.1,Electronic check,No,No,No,0
5140-FOMCQ,0.2202,Lower Risk,No,One year,59,Fiber optic,109.15,6557.75,Credit card (automatic),No,Yes,No,0
2212-LYASK,0.22,Lower Risk,No,One year,27,DSL,45.85,1246.4,Credit card (automatic),No,No,No,0
8749-CLJXC,0.2196,Lower Risk,No,Month-to-month,1,No,20.05,20.05,Mailed check,No,No internet service,No internet service,0
1963-VAUKV,0.2194,Lower Risk,No,Month-to-month,1,No,20.4,20.4,Mailed check,No,No internet service,No internet service,1
4013-GUXND,0.2181,Lower Risk,No,Month-to-month,1,No,20.8,20.8,Mailed check,No,No internet service,No internet service,0
4753-PADAS,0.2181,Lower Risk,No,One year,67,Fiber optic,105.7,6816.95,Bank transfer (automatic),No,No,No,0
2668-TZSPS,0.2178,Lower Risk,No,Month-to-month,1,No,20.45,20.45,Mailed check,No,No internet service,No internet service,0
1194-SPVSP,0.217,Lower Risk,No,Month-to-month,1,No,19.65,19.65,Bank transfer (automatic),No,No internet service,No internet service,0
1110-KYLGQ,0.2164,Lower Risk,No,Month-to-month,63,Fiber optic,108.25,6780.1,Credit card (automatic),No,Yes,No,0
8903-XEBGX,0.2158,Lower Risk,No,Month-to-month,2,DSL,55.3,108.65,Electronic check,Yes,No,No,0
0178-CIIKR,0.2155,Lower Risk,No,Month-to-month,3,No,19.95,58.0,Mailed check,No,No internet service,No internet service,0
7748-UMTRK,0.2153,Lower Risk,No,Month-to-month,30,Fiber optic,101.3,2974.5,Electronic check,Yes,No,Yes,0
0365-TRTPY,0.215,Lower Risk,No,Month-to-month,37,Fiber optic,91.2,3382.3,Bank transfer (automatic),No,Yes,No,0
3780-YVMFA,0.2144,Lower Risk,No,Month-to-month,8,DSL,68.55,564.35,Electronic check,Yes,No,Yes,0
8985-OOPOS,0.2136,Lower Risk,No,One year,1,DSL,74.1,74.1,Credit card (automatic),No,No,Yes,0
0816-TSPHQ,0.2116,Lower Risk,No,Month-to-month,2,No,20.75,44.2,Mailed check,No,No internet service,No internet service,0
0895-LMRSF,0.2114,Lower Risk,No,One year,23,DSL,64.9,1509.8,Bank transfer (automatic),No,No,No,0
7957-RYHQD,0.2104,Lower Risk,No,Month-to-month,40,Fiber optic,79.2,3233.85,Credit card (automatic),No,Yes,No,1
6383-ZTSIW,0.2097,Lower Risk,No,One year,39,Fiber optic,99.1,3877.95,Mailed check,No,Yes,No,0
2839-RFSQE,0.2093,Lower Risk,No,Month-to-month,2,No,20.65,38.7,Mailed check,No,No internet service,No internet service,1
9820-RMCQV,0.2087,Lower Risk,No,Month-to-month,11,DSL,48.55,501.0,Credit card (automatic),No,Yes,No,1
3524-WQDSG,0.2078,Lower Risk,No,Month-to-month,43,Fiber optic,99.3,4209.95,Bank transfer (automatic),Yes,No,No,0
3847-BAERP,0.2072,Lower Risk,No,Month-to-month,10,No,20.9,247.0,Mailed check,No,No internet service,No internet service,0
9842-EFSYY,0.2064,Lower Risk,No,Month-to-month,4,DSL,57.2,223.75,Mailed check,Yes,Yes,No,0
6776-TLWOI,0.2056,Lower Risk,No,Month-to-month,3,No,19.85,64.55,Mailed check,No,No internet service,No internet service,1
9389-ACWBI,0.2054,Lower Risk,No,Month-to-month,5,Fiber optic,69.95,320.4,Credit card (automatic),Yes,No,No,0
1452-KIOVK,0.2053,Lower Risk,No,Month-to-month,22,Fiber optic,89.1,1949.4,Credit card (automatic),Yes,No,No,0
2758-RNWXS,0.2042,Lower Risk,No,One year,35,Fiber optic,89.2,3251.3,Electronic check,No,Yes,Yes,0
4075-JFPGR,0.2039,Lower Risk,No,One year,51,Fiber optic,93.5,4619.55,Electronic check,No,Yes,No,0
1784-BXEFA,0.2035,Lower Risk,No,Month-to-month,10,No,20.55,187.35,Mailed check,No,No internet service,No internet service,0
3237-AJGEH,0.2031,Lower Risk,No,Month-to-month,3,DSL,31.0,95.05,Mailed check,Yes,No,Yes,1
9972-VAFJJ,0.2031,Lower Risk,No,One year,53,Fiber optic,94.0,4871.45,Electronic check,No,No,Yes,0
4660-IRIBM,0.2029,Lower Risk,No,Month-to-month,18,Fiber optic,87.9,1500.5,Mailed check,Yes,Yes,No,0
1855-CFULU,0.2015,Lower Risk,No,Month-to-month,4,No,20.05,91.45,Mailed check,No,No internet service,No internet service,0
6112-KTHFQ,0.2009,Lower Risk,No,Month-to-month,13,No,19.3,279.3,Mailed check,No,No internet service,No internet service,0
4701-AHWMW,0.1987,Lower Risk,No,Month-to-month,55,DSL,54.55,2978.3,Bank transfer (automatic),No,No,Yes,1
3090-QFUVD,0.1976,Lower Risk,No,Month-to-month,1,No,20.3,20.3,Credit card (automatic),No,No internet service,No internet service,0
2700-LUEVA,0.1968,Lower Risk,No,Month-to-month,1,No,20.75,20.75,Credit card (automatic),No,No internet service,No internet service,0
5651-YLPRD,0.1959,Lower Risk,No,Month-to-month,32,Fiber optic,86.1,2723.75,Electronic check,Yes,No,No,0
7356-AYNJP,0.1957,Lower Risk,No,One year,4,No,23.9,97.5,Electronic check,No,No internet service,No internet service,0
2155-AMQRX,0.1948,Lower Risk,No,Month-to-month,28,DSL,54.9,1505.15,Credit card (automatic),No,No,Yes,0
6777-TGHTM,0.1939,Lower Risk,No,One year,53,Fiber optic,106.95,5785.5,Credit card (automatic),No,Yes,No,1
1218-VKFPE,0.1923,Lower Risk,No,Month-to-month,12,No,19.0,233.55,Mailed check,No,No internet service,No internet service,1
0870-VEMYL,0.1916,Lower Risk,No,Month-to-month,5,DSL,53.85,259.8,Credit card (automatic),No,Yes,Yes,1
8059-UDZFY,0.1902,Lower Risk,No,Month-to-month,33,Fiber optic,105.35,3465.05,Bank transfer (automatic),Yes,No,No,0
1385-TQOZW,0.1893,Lower Risk,No,Month-to-month,9,No,20.45,147.55,Credit card (automatic),No,No internet service,No internet service,0
2720-FVBQP,0.1893,Lower Risk,No,Month-to-month,6,DSL,48.95,273.25,Credit card (automatic),Yes,No,No,0
5351-QESIO,0.1892,Lower Risk,No,Month-to-month,1,DSL,24.2,24.2,Mailed check,Yes,No,No,0
2750-BJLSB,0.1884,Lower Risk,No,One year,47,Fiber optic,103.7,4730.6,Electronic check,No,Yes,Yes,0
4846-WHAFZ,0.1883,Lower Risk,No,Month-to-month,37,Fiber optic,76.5,2868.15,Electronic check,Yes,No,No,1
2911-WDXMV,0.1871,Lower Risk,No,Month-to-month,18,Fiber optic,80.55,1406.65,Credit card (automatic),Yes,No,No,0
9986-BONCE,0.1867,Lower Risk,No,Month-to-month,4,No,20.95,85.5,Bank transfer (automatic),No,No internet service,No internet service,1
5850-BDWCY,0.1867,Lower Risk,No,Month-to-month,6,No,20.2,123.65,Mailed check,No,No internet service,No internet service,0
4332-MUOEZ,0.1862,Lower Risk,No,One year,20,Fiber optic,94.3,1818.3,Credit card (automatic),No,Yes,Yes,0
5951-AOFIH,0.1855,Lower Risk,No,Month-to-month,33,DSL,66.4,2245.4,Credit card (automatic),No,No,No,0
0665-XHDJU,0.185,Lower Risk,No,Two year,72,Fiber optic,99.4,7285.7,Electronic check,No,No,No,0
4701-MLJPN,0.1848,Lower Risk,No,Month-to-month,31,DSL,55.25,1715.65,Electronic check,No,No,Yes,1
3675-EQOZA,0.1831,Lower Risk,No,Month-to-month,5,No,20.65,93.55,Bank transfer (automatic),No,No internet service,No internet service,0
2252-JHJGE,0.1831,Lower Risk,No,One year,61,Fiber optic,104.0,6363.45,Electronic check,No,Yes,No,0
4079-VTGLK,0.1816,Lower Risk,No,Two year,30,DSL,74.85,2181.75,Electronic check,No,No,No,0
6080-TCMYC,0.1806,Lower Risk,No,Month-to-month,40,Fiber optic,81.2,3292.3,Electronic check,Yes,No,No,0
9357-UJRUN,0.1803,Lower Risk,No,One year,24,DSL,58.35,1346.9,Electronic check,No,Yes,Yes,0
5966-EMAZU,0.18,Lower Risk,No,One year,64,Fiber optic,108.5,6880.85,Mailed check,No,Yes,Yes,0
1360-XFJMR,0.1787,Lower Risk,No,One year,67,Fiber optic,109.7,7344.45,Credit card (automatic),No,No,Yes,0
9565-JSNFM,0.1777,Lower Risk,No,One year,38,Fiber optic,70.45,2597.6,Bank transfer (automatic),No,No,No,1
1629-DQQVB,0.1771,Lower Risk,No,Month-to-month,14,DSL,50.1,709.5,Bank transfer (automatic),No,Yes,No,0
8671-KKKOS,0.177,Lower Risk,No,Month-to-month,46,DSL,45.55,2062.15,Electronic check,No,Yes,No,0
8495-PRWFH,0.1769,Lower Risk,No,Month-to-month,42,DSL,55.65,2421.75,Electronic check,No,No,No,0
7134-MJPDY,0.1767,Lower Risk,No,One year,66,Fiber optic,102.85,6976.75,Credit card (automatic),No,No,Yes,0
3787-TRIAL,0.1751,Lower Risk,No,Month-to-month,21,DSL,26.05,565.75,Electronic check,Yes,No,No,0
0373-AIVNJ,0.1749,Lower Risk,No,One year,9,DSL,39.55,373.0,Mailed check,No,Yes,No,0
9040-KZVWO,0.1744,Lower Risk,No,One year,26,Fiber optic,75.5,2018.1,Bank transfer (automatic),No,No,No,0
3413-CSSTH,0.174,Lower Risk,No,Month-to-month,41,DSL,55.7,2237.55,Bank transfer (automatic),No,No,No,0
6198-PNNSZ,0.1739,Lower Risk,No,One year,56,Fiber optic,109.8,6109.65,Bank transfer (automatic),No,Yes,No,0
0447-BEMNG,0.1729,Lower Risk,No,Month-to-month,48,DSL,45.3,2145.0,Bank transfer (automatic),No,Yes,No,1
9364-YKUVW,0.1729,Lower Risk,No,Month-to-month,15,No,19.8,309.4,Mailed check,No,No internet service,No internet service,0
1852-XEMDW,0.1726,Lower Risk,No,Month-to-month,22,DSL,65.05,1427.55,Mailed check,No,Yes,No,0
2159-TURXX,0.1723,Lower Risk,No,Month-to-month,5,No,20.05,95.55,Credit card (automatic),No,No internet service,No internet service,0
2967-MXRAV,0.1723,Lower Risk,No,One year,1,No,18.8,18.8,Mailed check,No,No internet service,No internet service,0
4323-SADQS,0.1716,Lower Risk,No,Month-to-month,7,DSL,34.5,279.25,Electronic check,Yes,Yes,Yes,1
5863-OOKCL,0.1709,Lower Risk,No,Month-to-month,10,No,18.85,163.2,Mailed check,No,No internet service,No internet service,0
7789-CRUVC,0.1699,Lower Risk,No,Month-to-month,61,Fiber optic,94.2,5895.45,Credit card (automatic),No,Yes,Yes,0
0440-QEXBZ,0.1697,Lower Risk,No,Month-to-month,44,DSL,50.15,2139.1,Mailed check,No,No,No,0
8849-GYOKR,0.1692,Lower Risk,No,One year,54,Fiber optic,106.55,5763.3,Bank transfer (automatic),No,Yes,No,1
9633-DENPU,0.1688,Lower Risk,No,Month-to-month,47,DSL,58.6,2723.4,Bank transfer (automatic),No,No,No,0
5921-NGYRH,0.1686,Lower Risk,No,Month-to-month,64,Fiber optic,73.55,4764.0,Mailed check,No,Yes,No,0
3891-PUQOD,0.1662,Lower Risk,No,Month-to-month,1,DSL,59.2,59.2,Electronic check,Yes,No,No,1
9909-DFRJA,0.164,Lower Risk,No,One year,26,Fiber optic,95.85,2475.35,Bank transfer (automatic),No,Yes,Yes,0
0484-FFVBJ,0.1625,Lower Risk,No,One year,32,DSL,64.85,2010.95,Bank transfer (automatic),No,No,No,0
4402-FTBXC,0.1618,Lower Risk,No,Month-to-month,54,Fiber optic,89.8,4667.0,Mailed check,No,Yes,No,0
3865-ZYKAD,0.1612,Lower Risk,No,Month-to-month,69,Fiber optic,84.9,5785.65,Credit card (automatic),No,Yes,No,0
3173-NVMPX,0.1602,Lower Risk,No,Month-to-month,9,DSL,55.3,501.2,Mailed check,Yes,No,No,0
9420-LOJKX,0.1599,Lower Risk,No,Month-to-month,15,Fiber optic,99.1,1426.4,Credit card (automatic),Yes,Yes,No,1
5934-TSSAU,0.1598,Lower Risk,No,Month-to-month,23,Fiber optic,75.3,1702.9,Credit card (automatic),Yes,No,No,0
1707-HABPF,0.1582,Lower Risk,No,One year,46,Fiber optic,91.3,4126.35,Bank transfer (automatic),No,No,No,0
2480-SQIOB,0.1579,Lower Risk,No,Month-to-month,4,DSL,44.8,169.65,Electronic check,Yes,No,No,0
6583-SZVGP,0.156,Lower Risk,No,Two year,48,Fiber optic,108.1,5067.45,Bank transfer (automatic),No,No,No,0
1346-PJWTK,0.1557,Lower Risk,No,Month-to-month,61,Fiber optic,94.15,5731.85,Credit card (automatic),No,No,Yes,0
9107-UKCKY,0.1551,Lower Risk,No,One year,61,DSL,79.8,4914.8,Electronic check,No,No,No,0
0265-PSUAE,0.1546,Lower Risk,No,Month-to-month,16,Fiber optic,100.7,1522.7,Bank transfer (automatic),Yes,Yes,No,0
7159-NOKYQ,0.1541,Lower Risk,No,Two year,67,Fiber optic,93.15,6368.2,Electronic check,No,No,No,0
7492-TAFJD,0.1515,Lower Risk,No,Two year,7,DSL,38.55,280.0,Mailed check,No,Yes,No,0
2040-OBMLJ,0.1514,Lower Risk,No,One year,31,Fiber optic,81.7,2548.65,Credit card (automatic),No,No,Yes,0
9089-UOWJG,0.1514,Lower Risk,No,Month-to-month,12,DSL,58.35,740.55,Credit card (automatic),Yes,No,No,0
2019-HDCZY,0.1498,Lower Risk,No,Two year,63,Fiber optic,102.6,6296.75,Electronic check,No,No,No,0
4464-JCOLN,0.1492,Lower Risk,No,One year,2,No,19.85,35.9,Mailed check,No,No internet service,No internet service,1
5240-CAOYT,0.1485,Lower Risk,No,Month-to-month,57,Fiber optic,87.55,4884.85,Bank transfer (automatic),No,Yes,Yes,0
5027-YOCXN,0.1484,Lower Risk,No,One year,51,Fiber optic,110.05,5686.4,Credit card (automatic),No,Yes,Yes,0
0536-ACXIP,0.1484,Lower Risk,No,Two year,72,Fiber optic,109.55,8165.1,Electronic check,No,Yes,No,0
5161-XEUVX,0.147,Lower Risk,No,Two year,37,Fiber optic,94.3,3460.95,Mailed check,No,No,Yes,0
9367-TCUYN,0.1466,Lower Risk,No,Month-to-month,12,No,20.1,223.6,Mailed check,No,No internet service,No internet service,0
2001-MCUUW,0.1465,Lower Risk,No,Two year,46,Fiber optic,108.65,4903.2,Electronic check,No,No,Yes,0
2428-ZMCTB,0.1465,Lower Risk,No,Month-to-month,10,No,19.75,208.25,Credit card (automatic),No,No internet service,No internet service,0
5207-PLSTK,0.146,Lower Risk,No,Month-to-month,1,DSL,48.75,48.75,Mailed check,Yes,Yes,No,0
5709-LVOEQ,0.1455,Lower Risk,No,Two year,0,DSL,80.85,0.0,Mailed check,No,Yes,No,0
6297-NOOPG,0.1447,Lower Risk,No,Two year,70,Fiber optic,110.5,7752.05,Electronic check,No,No,Yes,0
5440-VHLUL,0.1444,Lower Risk,No,One year,69,Fiber optic,105.2,7386.05,Bank transfer (automatic),No,No,Yes,0
2748-MYRVK,0.1443,Lower Risk,No,One year,63,Fiber optic,99.9,6137.0,Bank transfer (automatic),No,No,No,1
6838-HVLXG,0.1432,Lower Risk,No,Month-to-month,12,No,20.3,246.7,Mailed check,No,No internet service,No internet service,0
7669-LCRSD,0.1424,Lower Risk,No,Month-to-month,12,DSL,56.3,628.65,Mailed check,Yes,No,No,0
9256-JTBNZ,0.1411,Lower Risk,No,Month-to-month,11,No,20.3,246.3,Bank transfer (automatic),No,No internet service,No internet service,0
7879-CGSFV,0.1408,Lower Risk,No,One year,55,Fiber optic,100.9,5552.05,Mailed check,No,Yes,No,0
2001-EWBQU,0.1395,Lower Risk,No,Two year,60,Fiber optic,104.7,6333.8,Electronic check,No,No,No,0
6568-POCUI,0.1387,Lower Risk,No,Two year,45,Fiber optic,95.2,4285.8,Credit card (automatic),No,No,Yes,0
2972-YDYUW,0.1364,Lower Risk,No,One year,57,Fiber optic,94.7,5468.95,Electronic check,No,No,Yes,0
5081-NWSUP,0.1361,Lower Risk,No,One year,10,DSL,64.9,685.55,Mailed check,No,No,Yes,0
7531-GQHME,0.1359,Lower Risk,No,Month-to-month,12,No,20.05,265.45,Credit card (automatic),No,No internet service,No internet service,0
3623-FQBOX,0.1359,Lower Risk,No,Month-to-month,21,No,19.95,416.4,Mailed check,No,No internet service,No internet service,0
9115-YQHGA,0.1356,Lower Risk,No,Month-to-month,40,DSL,51.1,2092.9,Electronic check,No,No,Yes,0
2533-QVMSK,0.1353,Lower Risk,No,Two year,61,Fiber optic,94.1,5638.3,Electronic check,No,No,Yes,1
8457-XIGKN,0.1353,Lower Risk,No,Month-to-month,20,No,19.6,356.15,Credit card (automatic),No,No internet service,No internet service,0
5533-RJFTJ,0.135,Lower Risk,No,Month-to-month,49,DSL,30.2,1453.1,Bank transfer (automatic),No,No,No,0
5360-LJCNJ,0.1343,Lower Risk,No,Two year,71,Fiber optic,105.15,7555.0,Bank transfer (automatic),No,No,No,0
0628-CNQRM,0.1341,Lower Risk,No,One year,22,DSL,67.5,1544.05,Bank transfer (automatic),No,Yes,Yes,1
1174-FGIFN,0.1341,Lower Risk,No,One year,28,Fiber optic,90.45,2509.25,Electronic check,Yes,No,Yes,0
5025-GOOKI,0.1339,Lower Risk,No,Month-to-month,20,No,18.9,347.65,Credit card (automatic),No,No internet service,No internet service,0
9661-MHUMO,0.1336,Lower Risk,No,Month-to-month,1,DSL,49.25,49.25,Credit card (automatic),Yes,No,Yes,1
7311-MQJCH,0.133,Lower Risk,No,One year,5,No,19.55,99.6,Electronic check,No,No internet service,No internet service,0
9039-RBEEE,0.1328,Lower Risk,No,Month-to-month,39,DSL,48.95,1880.85,Credit card (automatic),No,Yes,Yes,1
9378-FXTIZ,0.132,Lower Risk,No,One year,54,DSL,70.15,3715.65,Credit card (automatic),No,No,No,1
4785-QRJHC,0.1314,Lower Risk,No,One year,46,DSL,59.9,2816.65,Bank transfer (automatic),No,No,Yes,1
1956-YIFGE,0.1314,Lower Risk,No,One year,22,Fiber optic,100.05,2090.25,Mailed check,Yes,No,No,0
9700-ISPUP,0.1312,Lower Risk,No,Month-to-month,10,DSL,65.5,616.9,Electronic check,Yes,No,Yes,0
4002-BQWPQ,0.1308,Lower Risk,No,Month-to-month,25,DSL,81.75,2028.8,Bank transfer (automatic),No,Yes,Yes,0
9480-BQJEI,0.1302,Lower Risk,No,One year,62,Fiber optic,92.3,5731.45,Bank transfer (automatic),No,Yes,No,0
5537-UXXVS,0.1296,Lower Risk,No,Month-to-month,20,No,19.25,375.25,Bank transfer (automatic),No,No internet service,No internet service,0
1530-ZTDOZ,0.1283,Lower Risk,No,Month-to-month,49,DSL,40.65,2070.75,Bank transfer (automatic),No,Yes,No,0
0327-WFZSY,0.1283,Lower Risk,No,One year,39,Fiber optic,100.0,3835.55,Electronic check,Yes,No,No,0
1744-JHKYS,0.1274,Lower Risk,No,Month-to-month,34,No,24.7,780.2,Electronic check,No,No internet service,No internet service,0
5271-YNWVR,0.1271,Lower Risk,No,Two year,68,Fiber optic,113.15,7856.0,Electronic check,No,Yes,Yes,1
6900-RBKER,0.126,Lower Risk,No,Two year,52,Fiber optic,89.45,4577.75,Credit card (automatic),No,No,No,0
9330-VOFSZ,0.1249,Lower Risk,No,Two year,60,Fiber optic,110.8,6640.7,Credit card (automatic),No,No,Yes,0
7250-EQKIY,0.1243,Lower Risk,No,Month-to-month,1,DSL,50.45,50.45,Mailed check,Yes,No,No,1
2272-WUSPA,0.124,Lower Risk,No,Two year,72,Fiber optic,110.75,7751.7,Electronic check,No,Yes,No,0
2165-VOEGB,0.123,Lower Risk,No,One year,46,Fiber optic,105.2,4822.85,Bank transfer (automatic),No,Yes,Yes,1
1730-VFMWO,0.122,Lower Risk,No,Month-to-month,34,DSL,50.2,1815.3,Bank transfer (automatic),No,No,Yes,0
3680-CTHUH,0.1211,Lower Risk,No,One year,60,Fiber optic,116.6,7049.5,Credit card (automatic),No,Yes,Yes,0
3466-WAESX,0.1211,Lower Risk,No,Month-to-month,16,DSL,69.1,1083.7,Electronic check,Yes,Yes,No,0
0297-RBCSG,0.121,Lower Risk,No,One year,19,DSL,65.35,1231.85,Bank transfer (automatic),No,No,Yes,0
6766-HFKLA,0.1201,Lower Risk,No,Two year,56,Fiber optic,103.2,5744.35,Bank transfer (automatic),No,No,Yes,0
6968-MHOMU,0.1175,Lower Risk,No,One year,58,DSL,45.0,2689.35,Credit card (automatic),No,No,No,0
3750-YHRYO,0.1174,Lower Risk,No,One year,7,No,20.65,150.0,Mailed check,No,No internet service,No internet service,0
8450-JOVAH,0.1172,Lower Risk,No,Month-to-month,2,DSL,56.7,113.55,Mailed check,Yes,Yes,No,1
2926-JEJJC,0.1167,Lower Risk,No,One year,8,No,20.2,140.95,Bank transfer (automatic),No,No internet service,No internet service,0
9586-JGQKH,0.1164,Lower Risk,No,Two year,64,Fiber optic,105.4,6794.75,Bank transfer (automatic),No,No,Yes,0
3567-PQTSO,0.1158,Lower Risk,No,One year,53,Fiber optic,105.25,5576.3,Electronic check,Yes,No,No,0
4759-PXTAN,0.1154,Lower Risk,No,One year,59,DSL,80.1,4693.2,Electronic check,No,No,Yes,0
2958-NHPPS,0.1151,Lower Risk,No,Month-to-month,23,No,20.85,473.9,Electronic check,No,No internet service,No internet service,0
6366-XIVKZ,0.1147,Lower Risk,No,Month-to-month,13,DSL,63.15,816.8,Mailed check,Yes,Yes,No,0
3733-UOCWF,0.1147,Lower Risk,No,One year,61,Fiber optic,85.55,5251.75,Bank transfer (automatic),No,No,Yes,0
6559-RAKOZ,0.1146,Lower Risk,No,One year,49,Fiber optic,97.95,4917.9,Electronic check,Yes,No,Yes,0
6968-URWQU,0.113,Lower Risk,No,One year,43,DSL,56.35,2391.15,Mailed check,No,No,No,0
5701-GUXDC,0.1124,Lower Risk,No,One year,26,DSL,35.4,978.6,Credit card (automatic),No,Yes,No,0
0013-MHZWF,0.1124,Lower Risk,No,Month-to-month,9,DSL,69.4,571.45,Credit card (automatic),Yes,No,Yes,0
7654-YWJUF,0.1122,Lower Risk,No,One year,43,Fiber optic,84.25,3539.25,Bank transfer (automatic),No,Yes,Yes,0
0106-UGRDO,0.1102,Lower Risk,No,Two year,69,Fiber optic,116.0,8182.85,Electronic check,No,Yes,Yes,0
0516-UXRMT,0.1099,Lower Risk,No,One year,62,Fiber optic,92.05,5755.8,Electronic check,No,Yes,No,0
1136-XGEQU,0.1097,Lower Risk,No,One year,50,DSL,84.15,4164.4,Credit card (automatic),No,No,Yes,0
2307-FYNNL,0.1094,Lower Risk,No,Two year,65,Fiber optic,109.05,7108.2,Electronic check,No,Yes,Yes,0
8034-RYTVV,0.1091,Lower Risk,No,One year,55,Fiber optic,84.25,4589.85,Credit card (automatic),No,Yes,No,0
1264-FUHCX,0.1079,Lower Risk,No,One year,49,DSL,56.3,2780.6,Credit card (automatic),No,No,Yes,0
7663-CUXZB,0.107,Lower Risk,No,Two year,59,Fiber optic,113.75,6561.25,Electronic check,No,Yes,Yes,0
6598-RFFVI,0.107,Lower Risk,No,One year,2,No,19.3,28.3,Credit card (automatic),No,No internet service,No internet service,1
6784-XYJAE,0.107,Lower Risk,No,One year,36,DSL,55.8,1941.5,Electronic check,No,No,No,0
0440-UEDAI,0.1069,Lower Risk,No,One year,53,Fiber optic,94.45,5042.75,Credit card (automatic),No,No,Yes,0
2070-FNEXE,0.1063,Lower Risk,No,Month-to-month,7,Fiber optic,76.45,503.6,Bank transfer (automatic),Yes,Yes,No,1
7691-XVTZH,0.1062,Lower Risk,No,Two year,68,Fiber optic,89.95,5974.3,Bank transfer (automatic),No,No,No,0
7677-SJJJK,0.1058,Lower Risk,No,One year,8,No,19.9,153.95,Credit card (automatic),No,No internet service,No internet service,0
4937-QPZPO,0.1058,Lower Risk,No,One year,61,Fiber optic,99.9,6241.35,Electronic check,Yes,No,No,0
6933-FHBZC,0.1058,Lower Risk,No,One year,26,DSL,56.05,1553.2,Mailed check,No,No,No,0
7623-TRNQN,0.1054,Lower Risk,No,Month-to-month,1,DSL,49.9,49.9,Mailed check,Yes,No,Yes,1
1952-DVVSW,0.1053,Lower Risk,No,One year,10,No,20.1,184.4,Mailed check,No,No internet service,No internet service,0
9931-KGHOA,0.1053,Lower Risk,No,Month-to-month,46,DSL,55.0,2473.95,Bank transfer (automatic),No,Yes,No,0
5524-KHNJP,0.1052,Lower Risk,No,One year,33,DSL,74.75,2453.3,Credit card (automatic),No,Yes,No,0
5619-XZZKR,0.1047,Lower Risk,No,One year,4,No,19.95,68.2,Mailed check,No,No internet service,No internet service,0
0486-HECZI,0.1046,Lower Risk,No,Month-to-month,55,Fiber optic,96.75,5238.9,Electronic check,Yes,Yes,No,1
5804-HYIEZ,0.1046,Lower Risk,No,Month-to-month,70,Fiber optic,106.05,7554.05,Electronic check,Yes,Yes,No,0
7997-EASSD,0.1041,Lower Risk,No,One year,63,Fiber optic,81.2,4965.1,Credit card (automatic),No,No,Yes,0
8780-RSYYU,0.104,Lower Risk,No,Month-to-month,25,No,19.2,532.1,Credit card (automatic),No,No internet service,No internet service,0
9128-CPXKI,0.1036,Lower Risk,No,Two year,59,Fiber optic,95.8,5655.45,Electronic check,No,No,No,0
8819-ZBYNA,0.1028,Lower Risk,No,Two year,58,Fiber optic,109.1,6393.65,Credit card (automatic),No,Yes,Yes,0
1545-JFUML,0.1027,Lower Risk,No,Two year,71,Fiber optic,99.0,6994.6,Electronic check,No,Yes,No,0
3729-OWRVL,0.1026,Lower Risk,No,Two year,65,Fiber optic,110.35,7246.15,Electronic check,No,Yes,Yes,0
5103-MHMHY,0.1026,Lower Risk,No,Month-to-month,1,DSL,45.95,45.95,Mailed check,Yes,No,No,1
8909-BOLNL,0.1024,Lower Risk,No,One year,3,No,21.2,52.05,Mailed check,No,No internet service,No internet service,0
9481-SFCQY,0.1024,Lower Risk,No,Month-to-month,14,DSL,59.8,824.85,Credit card (automatic),Yes,No,No,0
9972-NKTFD,0.1022,Lower Risk,No,Month-to-month,28,DSL,54.65,1517.5,Bank transfer (automatic),No,No,Yes,0
6797-LNAQX,0.102,Lower Risk,No,Two year,70,Fiber optic,98.3,6859.5,Bank transfer (automatic),No,No,No,1
3896-RCYYE,0.1017,Lower Risk,No,Month-to-month,67,DSL,53.4,3579.15,Credit card (automatic),No,No,Yes,0
7666-WKRON,0.1009,Lower Risk,No,Two year,39,Fiber optic,80.45,3201.55,Electronic check,No,No,Yes,1
8646-JCOMS,0.1006,Lower Risk,No,One year,66,Fiber optic,90.55,6130.95,Bank transfer (automatic),No,No,Yes,0
9052-DHNKM,0.1003,Lower Risk,No,One year,26,DSL,61.55,1581.95,Electronic check,No,Yes,No,0
2907-ILJBN,0.0999,Lower Risk,No,One year,11,No,20.6,233.9,Mailed check,No,No internet service,No internet service,0
0289-IVARM,0.0995,Lower Risk,No,Month-to-month,35,DSL,60.55,1982.6,Electronic check,No,Yes,No,0
1470-PSXNM,0.099,Lower Risk,No,One year,49,Fiber optic,93.65,4520.15,Electronic check,Yes,No,No,0
3594-UVONA,0.0986,Lower Risk,No,One year,35,DSL,85.95,3110.1,Credit card (automatic),No,Yes,Yes,1
9629-NHXFW,0.0986,Lower Risk,No,Month-to-month,1,No,19.4,19.4,Mailed check,Yes,No internet service,No internet service,0
3679-XASPY,0.098,Lower Risk,No,Month-to-month,1,No,19.45,19.45,Electronic check,Yes,No internet service,No internet service,0
6473-ULUHT,0.0976,Lower Risk,No,Month-to-month,16,DSL,84.9,1398.25,Electronic check,Yes,Yes,Yes,0
8582-KRHPJ,0.0964,Lower Risk,No,Month-to-month,50,DSL,35.0,1782.4,Mailed check,No,Yes,No,0
7233-IOQNP,0.0961,Lower Risk,No,Month-to-month,43,DSL,34.0,1505.35,Bank transfer (automatic),No,Yes,Yes,0
4223-BKEOR,0.0957,Lower Risk,No,One year,21,DSL,64.85,1336.8,Mailed check,No,Yes,No,0
0074-HDKDG,0.0954,Lower Risk,No,One year,25,DSL,61.6,1611.0,Bank transfer (automatic),No,Yes,No,0
2391-SOORI,0.0949,Lower Risk,No,Month-to-month,4,DSL,49.35,219.65,Electronic check,Yes,Yes,No,1
5236-PERKL,0.0941,Lower Risk,No,Two year,57,Fiber optic,112.95,6465.0,Bank transfer (automatic),No,Yes,No,1
2834-JKOOW,0.0939,Lower Risk,No,One year,15,DSL,45.9,693.45,Mailed check,No,Yes,Yes,0
2930-UOTMB,0.0933,Lower Risk,No,Month-to-month,31,DSL,65.25,1994.3,Credit card (automatic),No,Yes,Yes,1
7854-EKTJL,0.0931,Lower Risk,No,Month-to-month,2,No,19.6,35.85,Electronic check,Yes,No internet service,No internet service,1
9374-YOLBJ,0.0924,Lower Risk,No,Month-to-month,1,No,19.25,19.25,Electronic check,Yes,No internet service,No internet service,0
9866-OCCKE,0.0922,Lower Risk,No,Two year,72,Fiber optic,109.75,8075.35,Mailed check,No,Yes,Yes,0
0983-TATYJ,0.0911,Lower Risk,No,One year,33,DSL,51.45,1758.9,Mailed check,No,No,Yes,0
1444-VVSGW,0.091,Lower Risk,No,One year,70,Fiber optic,115.65,7968.85,Credit card (automatic),No,Yes,Yes,1
3893-JRNFS,0.0908,Lower Risk,No,Month-to-month,68,DSL,39.9,2796.35,Bank transfer (automatic),No,No,No,0
4468-YDOVK,0.0908,Lower Risk,No,Month-to-month,5,DSL,48.65,235.2,Bank transfer (automatic),Yes,No,Yes,0
7036-TYDEC,0.0901,Lower Risk,No,Two year,69,Fiber optic,104.0,7028.5,Electronic check,No,No,Yes,0
1150-WFARN,0.0884,Lower Risk,No,Two year,67,Fiber optic,108.75,7156.2,Credit card (automatic),No,Yes,Yes,1
1809-DMJHQ,0.0881,Lower Risk,No,Month-to-month,5,DSL,46.0,221.7,Mailed check,Yes,No,No,1
9405-GPBBG,0.088,Lower Risk,No,Two year,64,Fiber optic,110.5,7069.25,Credit card (automatic),No,No,Yes,0
5949-EBSQK,0.0879,Lower Risk,No,Month-to-month,4,DSL,61.45,229.55,Credit card (automatic),Yes,No,Yes,1
3354-OADJP,0.0877,Lower Risk,No,One year,8,DSL,54.25,447.75,Bank transfer (automatic),No,Yes,Yes,0
8930-XOTDP,0.0863,Lower Risk,No,Month-to-month,18,DSL,55.95,1082.8,Mailed check,Yes,No,No,0
5445-PZWGX,0.0861,Lower Risk,No,One year,62,Fiber optic,102.0,6529.25,Electronic check,No,Yes,Yes,1
9473-CBZOP,0.0861,Lower Risk,No,One year,28,DSL,59.0,1654.45,Mailed check,No,Yes,No,0
9917-KWRBE,0.0861,Lower Risk,No,One year,41,DSL,78.35,3211.2,Credit card (automatic),No,Yes,No,0
6773-LQTVT,0.0858,Lower Risk,No,Month-to-month,29,DSL,35.65,1025.15,Mailed check,Yes,No,No,0
9544-PYPSJ,0.0857,Lower Risk,No,Month-to-month,62,Fiber optic,96.1,6019.35,Credit card (automatic),Yes,No,No,0
0913-XWSCN,0.0857,Lower Risk,No,Month-to-month,55,Fiber optic,85.5,4713.4,Bank transfer (automatic),Yes,No,No,0
6483-OATDN,0.0856,Lower Risk,No,Month-to-month,8,DSL,51.3,411.6,Credit card (automatic),Yes,Yes,No,0
7649-PHJVR,0.0848,Lower Risk,No,One year,11,No,19.5,226.8,Mailed check,No,No internet service,No internet service,0
4256-ZWTZI,0.0846,Lower Risk,No,Month-to-month,5,DSL,51.0,286.8,Mailed check,Yes,No,Yes,0
0164-APGRB,0.0835,Lower Risk,No,Two year,72,Fiber optic,114.9,8496.7,Electronic check,No,Yes,Yes,0
0725-CXOTM,0.0832,Lower Risk,No,One year,36,DSL,89.65,3348.1,Credit card (automatic),No,Yes,Yes,0
8573-JGCZW,0.0819,Lower Risk,No,One year,17,No,19.65,351.55,Bank transfer (automatic),No,No internet service,No internet service,0
5630-AHZIL,0.0811,Lower Risk,No,Month-to-month,3,DSL,64.5,177.4,Bank transfer (automatic),Yes,Yes,Yes,0
3780-DDGSE,0.0811,Lower Risk,No,Month-to-month,35,DSL,76.05,2747.2,Electronic check,Yes,No,Yes,0
2798-NYLMZ,0.0803,Lower Risk,No,Two year,71,Fiber optic,108.55,7616.0,Credit card (automatic),No,Yes,Yes,0
2522-WLNSF,0.08,Lower Risk,No,One year,34,DSL,64.2,2106.3,Bank transfer (automatic),No,No,Yes,0
2323-ARSVR,0.0798,Lower Risk,No,Two year,67,Fiber optic,111.05,7321.05,Electronic check,No,Yes,Yes,0
7266-GSSJX,0.0794,Lower Risk,No,Month-to-month,11,No,20.45,250.8,Electronic check,Yes,No internet service,No internet service,0
2245-ADZFJ,0.0793,Lower Risk,No,Two year,31,DSL,80.55,2471.6,Bank transfer (automatic),No,No,Yes,0
4376-KFVRS,0.0793,Lower Risk,No,Two year,72,Fiber optic,114.05,8468.2,Credit card (automatic),No,Yes,Yes,0
1074-AMIOH,0.0792,Lower Risk,No,Month-to-month,53,Fiber optic,108.25,5935.1,Bank transfer (automatic),Yes,No,Yes,0
9351-HXDMR,0.0791,Lower Risk,No,Two year,72,Fiber optic,110.9,8240.85,Credit card (automatic),No,Yes,Yes,0
9313-QOLTZ,0.0788,Lower Risk,No,Month-to-month,26,No,20.9,518.3,Mailed check,No,No internet service,No internet service,0
4501-UYKBC,0.0786,Lower Risk,No,One year,46,DSL,69.1,3255.35,Credit card (automatic),No,No,Yes,0
3229-USWAR,0.0785,Lower Risk,No,One year,34,DSL,79.95,2727.3,Bank transfer (automatic),No,Yes,Yes,0
9138-EFSMO,0.0782,Lower Risk,No,One year,26,Fiber optic,78.95,2034.25,Bank transfer (automatic),Yes,No,No,0
6421-SZVEM,0.0781,Lower Risk,No,One year,28,Fiber optic,82.85,2320.8,Bank transfer (automatic),Yes,Yes,No,0
7191-ADRGF,0.0777,Lower Risk,No,Two year,44,DSL,54.3,2390.45,Bank transfer (automatic),No,No,No,0
6919-ELBGL,0.0774,Lower Risk,No,Two year,72,Fiber optic,114.95,8196.4,Bank transfer (automatic),No,Yes,Yes,0
0516-OOHAR,0.0773,Lower Risk,No,One year,28,Fiber optic,100.35,2799.0,Bank transfer (automatic),Yes,No,No,0
7032-LMBHI,0.0768,Lower Risk,No,One year,37,DSL,64.65,2347.85,Bank transfer (automatic),No,Yes,No,0
7426-WEIJX,0.0766,Lower Risk,No,Month-to-month,60,Fiber optic,80.95,4859.1,Electronic check,Yes,Yes,No,0
2388-LAESQ,0.0766,Lower Risk,No,Two year,72,Fiber optic,114.85,8317.95,Bank transfer (automatic),No,Yes,Yes,0
5049-MUBWG,0.0764,Lower Risk,No,One year,26,DSL,75.0,1908.35,Bank transfer (automatic),No,Yes,Yes,0
3115-CZMZD,0.0763,Lower Risk,No,Two year,0,No,20.25,0.0,Mailed check,No,No internet service,No internet service,0
9330-DHBFL,0.0762,Lower Risk,No,One year,23,DSL,66.25,1533.8,Mailed check,No,Yes,Yes,0
5297-MDOIR,0.0759,Lower Risk,No,One year,63,Fiber optic,81.15,5224.5,Credit card (automatic),No,Yes,No,0
2746-DIJLO,0.0755,Lower Risk,No,One year,41,DSL,56.3,2364.0,Credit card (automatic),No,No,No,0
2788-CJQAQ,0.0747,Lower Risk,No,One year,13,No,19.45,270.2,Mailed check,No,No internet service,No internet service,0
4377-VDHYI,0.0746,Lower Risk,No,One year,32,Fiber optic,90.8,3023.85,Electronic check,Yes,Yes,No,0
2091-MJTFX,0.0743,Lower Risk,No,Month-to-month,30,DSL,51.2,1561.5,Credit card (automatic),Yes,No,Yes,1
9070-BCKQP,0.0741,Lower Risk,No,Two year,72,Fiber optic,110.15,7881.2,Credit card (automatic),No,Yes,Yes,0
6497-TILVL,0.0729,Lower Risk,No,Month-to-month,7,DSL,50.7,350.35,Mailed check,Yes,Yes,No,0
5753-QQWPW,0.0728,Lower Risk,No,One year,28,DSL,59.9,1654.7,Electronic check,No,Yes,Yes,0
9637-CDTKZ,0.0726,Lower Risk,No,Two year,72,Fiber optic,114.1,8086.4,Credit card (automatic),No,Yes,Yes,0
9412-ARGBX,0.0726,Lower Risk,No,Two year,48,Fiber optic,95.5,4627.85,Mailed check,No,No,Yes,1
9962-BFPDU,0.0724,Lower Risk,No,Month-to-month,1,No,20.05,20.05,Mailed check,Yes,No internet service,No internet service,0
9298-WGMRW,0.0724,Lower Risk,No,Two year,72,Fiber optic,115.5,8312.75,Bank transfer (automatic),No,Yes,Yes,0
4137-JOPHL,0.0715,Lower Risk,No,Two year,50,Fiber optic,89.7,4304.5,Bank transfer (automatic),No,No,Yes,0
4500-HKANN,0.0706,Lower Risk,No,Two year,23,DSL,59.7,1414.2,Mailed check,No,No,Yes,0
7919-ZODZZ,0.0702,Lower Risk,No,One year,10,DSL,65.9,660.05,Mailed check,Yes,No,No,0
7838-LAZFO,0.0698,Lower Risk,No,One year,45,DSL,78.8,3597.5,Bank transfer (automatic),No,Yes,No,0
9537-VHDTA,0.0688,Lower Risk,No,Month-to-month,1,DSL,51.2,51.2,Mailed check,Yes,Yes,No,0
5155-AZQPB,0.0685,Lower Risk,No,Month-to-month,28,DSL,49.9,1410.25,Mailed check,Yes,No,No,0
1097-FSPVW,0.068,Lower Risk,No,Month-to-month,42,DSL,54.55,2455.05,Credit card (automatic),No,Yes,No,0
8089-UZWLX,0.067,Lower Risk,No,Two year,71,Fiber optic,104.05,7413.55,Bank transfer (automatic),No,No,No,0
5671-RQRLP,0.0669,Lower Risk,No,Two year,70,Fiber optic,75.65,5411.4,Credit card (automatic),No,No,No,0
0307-BCOPK,0.0663,Lower Risk,No,One year,16,No,19.05,326.65,Mailed check,No,No internet service,No internet service,0
4946-EDSEW,0.066,Lower Risk,No,Month-to-month,11,No,19.25,180.3,Mailed check,Yes,No internet service,No internet service,1
8763-KIAFH,0.0659,Lower Risk,No,One year,27,No,20.55,583.3,Mailed check,No,No internet service,No internet service,0
9142-XMYJH,0.0658,Lower Risk,No,Month-to-month,29,No,19.35,601.6,Credit card (automatic),No,No internet service,No internet service,0
2325-ZUSFD,0.0655,Lower Risk,No,One year,57,DSL,70.1,3913.3,Bank transfer (automatic),No,Yes,No,1
6075-QMNRR,0.0651,Lower Risk,No,Month-to-month,52,DSL,49.75,2535.55,Bank transfer (automatic),No,Yes,No,0
8777-PVYGU,0.0648,Lower Risk,No,One year,52,DSL,64.3,3410.6,Mailed check,No,Yes,No,0
6734-FQAJX,0.0643,Lower Risk,No,Two year,67,Fiber optic,105.05,7171.7,Electronic check,No,Yes,Yes,0
0048-LUMLS,0.0641,Lower Risk,No,One year,37,Fiber optic,91.2,3247.55,Credit card (automatic),Yes,No,No,0
2368-GAKKQ,0.0637,Lower Risk,No,Two year,70,Fiber optic,113.65,7939.25,Bank transfer (automatic),No,Yes,Yes,0
3948-FVVRP,0.0635,Lower Risk,No,Month-to-month,9,DSL,54.8,452.8,Mailed check,Yes,No,Yes,0
4700-UBQMV,0.0627,Lower Risk,No,One year,21,DSL,75.9,1549.75,Bank transfer (automatic),Yes,Yes,No,0
8570-KLJYJ,0.0626,Lower Risk,No,One year,36,DSL,54.45,1893.5,Mailed check,No,Yes,No,0
0866-QLSIR,0.0626,Lower Risk,No,One year,34,DSL,64.4,2088.75,Mailed check,No,Yes,Yes,1
0727-BNRLG,0.0622,Lower Risk,No,Two year,69,Fiber optic,97.65,6743.55,Credit card (automatic),No,No,Yes,0
1936-CZAKF,0.0621,Lower Risk,No,Two year,49,DSL,49.65,2409.9,Credit card (automatic),No,No,No,0
8727-XDPUD,0.062,Lower Risk,No,Two year,37,DSL,35.8,1316.9,Credit card (automatic),No,No,No,0
9844-FELAJ,0.0619,Lower Risk,No,One year,70,Fiber optic,107.9,7475.85,Electronic check,Yes,No,Yes,0
2511-MORQY,0.0613,Lower Risk,No,One year,50,DSL,54.9,2614.1,Bank transfer (automatic),No,No,No,0
2061-VVFST,0.0611,Lower Risk,No,Month-to-month,37,No,19.5,805.2,Bank transfer (automatic),No,No internet service,No internet service,0
0868-VJRDR,0.061,Lower Risk,No,Two year,64,Fiber optic,104.05,6605.55,Credit card (automatic),No,Yes,Yes,0
9220-ZNKJI,0.0607,Lower Risk,No,Two year,55,Fiber optic,88.8,4805.3,Credit card (automatic),No,No,Yes,0
5505-OVWQW,0.0601,Lower Risk,No,One year,17,No,20.15,353.65,Mailed check,No,No internet service,No internet service,0
4304-TSPVK,0.06,Lower Risk,No,Two year,68,Fiber optic,114.9,7843.55,Bank transfer (automatic),No,Yes,Yes,0
6461-PPAXN,0.0594,Lower Risk,No,One year,35,DSL,54.95,1916.0,Bank transfer (automatic),No,Yes,Yes,0
4709-LKHYG,0.0594,Lower Risk,No,One year,29,No,20.0,540.05,Electronic check,No,No internet service,No internet service,0
5236-XMZJY,0.0589,Lower Risk,No,Month-to-month,42,DSL,59.65,2536.55,Bank transfer (automatic),No,Yes,No,0
4184-VODJZ,0.0578,Lower Risk,No,One year,63,Fiber optic,91.35,5764.7,Electronic check,Yes,No,No,0
9720-JJJOR,0.0575,Lower Risk,No,One year,41,DSL,60.3,2511.3,Bank transfer (automatic),No,Yes,No,0
5468-BPMMO,0.0574,Lower Risk,No,Month-to-month,46,No,19.6,851.2,Electronic check,No,No internet service,No internet service,0
0134-XWXCE,0.0573,Lower Risk,No,One year,44,DSL,74.85,3268.05,Bank transfer (automatic),No,No,Yes,0
6164-HXUGH,0.0573,Lower Risk,No,Month-to-month,6,No,19.85,119.3,Mailed check,Yes,No internet service,No internet service,0
3077-RSNTJ,0.0568,Lower Risk,No,Month-to-month,6,No,19.7,113.5,Mailed check,Yes,No internet service,No internet service,0
1131-ALZWV,0.0567,Lower Risk,No,One year,24,No,24.6,605.25,Bank transfer (automatic),No,No internet service,No internet service,0
7690-KPNCU,0.0564,Lower Risk,No,One year,64,DSL,73.05,4688.65,Credit card (automatic),No,Yes,No,0
7369-TRPFD,0.0563,Lower Risk,No,One year,19,No,18.8,279.2,Mailed check,No,No internet service,No internet service,0
3639-XJHKQ,0.0562,Lower Risk,No,Month-to-month,19,DSL,60.6,1297.8,Electronic check,Yes,Yes,No,0
1133-KXCGE,0.056,Lower Risk,No,One year,18,No,20.1,407.05,Mailed check,No,No internet service,No internet service,0
7359-WWYJV,0.056,Lower Risk,No,Two year,72,Fiber optic,114.45,8375.05,Credit card (automatic),No,Yes,Yes,0
5473-KHBPS,0.0557,Lower Risk,No,One year,52,Fiber optic,95.7,4976.15,Credit card (automatic),Yes,No,No,0
7338-ERIVA,0.0554,Lower Risk,No,One year,39,DSL,45.05,1790.6,Bank transfer (automatic),No,Yes,Yes,0
4489-SNOJF,0.0548,Lower Risk,No,Month-to-month,35,DSL,72.25,2568.55,Electronic check,Yes,Yes,Yes,1
9289-LBQVU,0.0545,Lower Risk,No,One year,64,DSL,70.15,4480.7,Mailed check,No,No,Yes,0
4717-GHADL,0.0544,Lower Risk,No,Two year,50,DSL,79.6,4024.2,Mailed check,No,No,Yes,0
4359-INNWN,0.0543,Lower Risk,No,One year,17,No,20.05,337.9,Credit card (automatic),No,No internet service,No internet service,0
2320-TZRRH,0.0542,Lower Risk,No,One year,20,No,19.5,403.15,Mailed check,No,No internet service,No internet service,0
2923-ARZLG,0.0539,Lower Risk,No,One year,0,No,19.7,0.0,Mailed check,Yes,No internet service,No internet service,0
2969-WGHQO,0.0539,Lower Risk,No,One year,7,DSL,69.45,477.05,Electronic check,Yes,Yes,No,0
7279-NMVJC,0.0537,Lower Risk,No,One year,17,No,19.9,323.15,Bank transfer (automatic),No,No internet service,No internet service,0
9860-LISIZ,0.0521,Lower Risk,No,Month-to-month,34,No,20.35,673.2,Mailed check,No,No internet service,No internet service,0
0254-KCJGT,0.0521,Lower Risk,No,One year,52,DSL,81.4,4354.45,Credit card (automatic),No,Yes,Yes,0
8433-WPJTV,0.052,Lower Risk,No,One year,65,Fiber optic,103.9,6767.1,Bank transfer (automatic),Yes,No,Yes,0
8809-XKHMD,0.0513,Lower Risk,No,Two year,72,Fiber optic,100.55,7325.1,Bank transfer (automatic),No,Yes,Yes,0
2233-TXSIU,0.0495,Lower Risk,No,One year,17,DSL,44.45,792.15,Credit card (automatic),Yes,Yes,No,0
9030-QGZNL,0.0492,Lower Risk,No,Two year,8,No,20.85,161.65,Mailed check,No,No internet service,No internet service,0
0019-EFAEP,0.0489,Lower Risk,No,Two year,72,Fiber optic,101.3,7261.25,Bank transfer (automatic),No,Yes,No,0
7764-BDPEE,0.0486,Lower Risk,No,Month-to-month,3,No,20.85,60.65,Mailed check,Yes,No internet service,No internet service,0
8401-EMUWF,0.0486,Lower Risk,No,Month-to-month,42,DSL,69.4,3058.3,Bank transfer (automatic),Yes,Yes,No,0
7375-WMVMT,0.0479,Lower Risk,No,Two year,71,Fiber optic,95.5,6707.15,Credit card (automatic),No,No,Yes,0
5566-SOEZD,0.0478,Lower Risk,No,One year,27,Fiber optic,80.65,2209.75,Credit card (automatic),Yes,Yes,No,0
9534-NSXEM,0.0476,Lower Risk,No,One year,26,No,20.65,595.5,Credit card (automatic),No,No internet service,No internet service,0
3181-MIZBN,0.0475,Lower Risk,No,Month-to-month,16,No,19.75,313.4,Electronic check,Yes,No internet service,No internet service,0
5014-WUQMG,0.0474,Lower Risk,No,One year,47,Fiber optic,96.1,4391.45,Electronic check,Yes,Yes,No,0
6726-NNFWD,0.0473,Lower Risk,No,Two year,71,Fiber optic,89.45,6435.25,Credit card (automatic),No,No,No,0
5318-YKDPV,0.0465,Lower Risk,No,Two year,43,DSL,79.15,3566.6,Credit card (automatic),No,Yes,Yes,0
4353-HYOJD,0.0463,Lower Risk,No,Month-to-month,27,DSL,49.85,1336.15,Mailed check,Yes,No,No,0
5170-PTRKA,0.046,Lower Risk,No,One year,49,DSL,35.8,1782.0,Credit card (automatic),No,Yes,Yes,0
0513-RBGPE,0.0459,Lower Risk,No,Two year,37,DSL,62.8,2278.75,Credit card (automatic),No,Yes,Yes,0
6698-OXETB,0.0456,Lower Risk,No,Two year,11,No,20.4,231.45,Mailed check,No,No internet service,No internet service,0
5245-VDBUR,0.0452,Lower Risk,No,One year,52,DSL,35.45,1958.95,Mailed check,No,Yes,No,0
4973-RLZVI,0.0451,Lower Risk,No,One year,30,DSL,74.65,2308.6,Credit card (automatic),No,Yes,Yes,0
3011-WQKSZ,0.0446,Lower Risk,No,Month-to-month,19,No,20.0,377.55,Electronic check,Yes,No internet service,No internet service,0
9209-NWPGU,0.044,Lower Risk,No,One year,44,DSL,65.4,2774.55,Electronic check,No,Yes,Yes,0
0377-JBKKT,0.0439,Lower Risk,No,Month-to-month,22,DSL,57.95,1271.8,Mailed check,Yes,Yes,Yes,0
2294-DMMUS,0.0437,Lower Risk,No,Month-to-month,62,DSL,70.45,4300.45,Credit card (automatic),Yes,No,No,0
4627-MIHJH,0.0433,Lower Risk,No,Two year,69,Fiber optic,110.25,7467.55,Credit card (automatic),No,Yes,Yes,0
2188-SXWVT,0.043,Lower Risk,No,One year,34,DSL,55.0,1885.15,Mailed check,No,Yes,No,0
0257-KXZGU,0.0429,Lower Risk,No,Month-to-month,32,DSL,62.45,2045.55,Bank transfer (automatic),Yes,No,No,0
5469-NUJUR,0.0428,Lower Risk,No,Two year,19,No,19.95,373.5,Mailed check,No,No internet service,No internet service,0
1271-UODNO,0.0426,Lower Risk,No,Two year,39,DSL,53.85,2200.7,Credit card (automatic),No,No,Yes,0
7061-OVMIM,0.0425,Lower Risk,No,One year,30,No,19.55,608.5,Bank transfer (automatic),No,No internet service,No internet service,0
9926-PJHDQ,0.0421,Lower Risk,No,Two year,72,DSL,76.8,5468.45,Bank transfer (automatic),No,No,No,0
1525-LNLOJ,0.042,Lower Risk,No,Two year,66,DSL,63.3,4189.7,Bank transfer (automatic),No,No,No,0
3985-HOYPM,0.0417,Lower Risk,No,One year,26,No,19.4,525.55,Mailed check,No,No internet service,No internet service,0
3125-RAHBV,0.0416,Lower Risk,No,One year,22,No,20.3,467.15,Credit card (automatic),No,No internet service,No internet service,0
9746-UGFAC,0.0415,Lower Risk,No,One year,22,No,20.85,450.65,Bank transfer (automatic),No,No internet service,No internet service,0
5495-GPSRW,0.041,Lower Risk,No,Two year,20,No,19.7,419.4,Mailed check,No,No internet service,No internet service,0
9906-NHHVC,0.0408,Lower Risk,No,Two year,65,DSL,53.5,3517.9,Bank transfer (automatic),No,No,No,0
6194-HBGQN,0.0405,Lower Risk,No,One year,51,DSL,81.15,4126.2,Credit card (automatic),No,Yes,Yes,0
4830-FAXFM,0.0403,Lower Risk,No,Month-to-month,19,No,24.1,439.2,Credit card (automatic),Yes,No internet service,No internet service,0
5063-IUOKK,0.0401,Lower Risk,No,Two year,13,No,19.75,265.75,Mailed check,No,No internet service,No internet service,0
0997-YTLNY,0.0399,Lower Risk,No,Month-to-month,19,DSL,48.8,953.65,Mailed check,Yes,No,Yes,0
2676-SSLTO,0.0397,Lower Risk,No,Two year,49,DSL,66.15,3199.0,Bank transfer (automatic),No,No,Yes,0
7322-OCWHC,0.0395,Lower Risk,No,Two year,72,Fiber optic,93.05,6735.05,Bank transfer (automatic),No,Yes,Yes,0
1936-UAFEH,0.0394,Lower Risk,No,Two year,68,Fiber optic,110.25,7279.35,Credit card (automatic),No,Yes,Yes,0
7803-XOCCZ,0.038,Lower Risk,No,Month-to-month,52,Fiber optic,84.05,4326.8,Bank transfer (automatic),Yes,Yes,Yes,0
0121-SNYRK,0.0379,Lower Risk,No,One year,50,DSL,35.4,1748.9,Mailed check,No,Yes,Yes,0
5820-PTRYM,0.0378,Lower Risk,No,One year,56,DSL,68.45,4014.0,Credit card (automatic),No,Yes,Yes,0
0559-CKHUS,0.0376,Lower Risk,No,Two year,29,No,19.55,521.8,Mailed check,No,No internet service,No internet service,0
8873-TMKGR,0.0373,Lower Risk,No,One year,29,No,19.1,529.5,Mailed check,No,No internet service,No internet service,0
3571-DPYUH,0.0373,Lower Risk,No,One year,58,Fiber optic,94.7,5430.35,Credit card (automatic),Yes,No,Yes,0
1131-SUEKT,0.0371,Lower Risk,No,One year,61,Fiber optic,98.45,6145.2,Bank transfer (automatic),Yes,No,Yes,0
6823-SIDFQ,0.0366,Lower Risk,No,One year,28,No,18.25,534.7,Credit card (automatic),No,No internet service,No internet service,0
8735-NBLWT,0.0364,Lower Risk,No,Month-to-month,9,No,20.4,184.1,Mailed check,Yes,No internet service,No internet service,0
9143-CANJF,0.0363,Lower Risk,No,Month-to-month,24,DSL,55.15,1319.85,Electronic check,Yes,Yes,Yes,0
1492-QGCLU,0.036,Lower Risk,No,Month-to-month,53,DSL,85.7,4616.1,Electronic check,Yes,Yes,Yes,0
1090-ESELR,0.0359,Lower Risk,No,Two year,72,Fiber optic,105.5,7611.55,Bank transfer (automatic),No,Yes,Yes,0
8024-XNAFQ,0.0359,Lower Risk,No,Two year,72,Fiber optic,107.4,7748.75,Bank transfer (automatic),No,Yes,Yes,0
5574-NXZIU,0.0357,Lower Risk,No,Two year,63,Fiber optic,109.2,7049.75,Credit card (automatic),No,Yes,Yes,0
1265-HVPZB,0.0351,Lower Risk,No,One year,59,DSL,66.4,3958.2,Credit card (automatic),No,Yes,No,0
4419-UJMUS,0.0351,Lower Risk,No,Two year,69,Fiber optic,99.35,6856.45,Electronic check,Yes,No,Yes,0
2150-OEGBV,0.035,Lower Risk,No,One year,27,No,20.1,562.6,Bank transfer (automatic),No,No internet service,No internet service,0
9715-WZCLW,0.035,Lower Risk,No,Two year,71,Fiber optic,97.2,6910.3,Electronic check,Yes,Yes,No,0
7572-KPVKK,0.0349,Lower Risk,No,Two year,62,Fiber optic,104.05,6590.5,Electronic check,Yes,No,Yes,0
2239-CFOUJ,0.0349,Lower Risk,No,One year,1,No,20.4,20.4,Mailed check,Yes,No internet service,No internet service,0
4648-YPBTM,0.0343,Lower Risk,No,Two year,53,DSL,73.9,3958.25,Bank transfer (automatic),No,No,Yes,0
0743-HRVFF,0.0337,Lower Risk,No,One year,51,DSL,56.15,2898.95,Electronic check,Yes,No,Yes,0
3926-YZVVX,0.0333,Lower Risk,No,One year,41,DSL,50.05,2029.05,Bank transfer (automatic),No,No,Yes,0
0076-LVEPS,0.0331,Lower Risk,No,Month-to-month,29,DSL,45.0,1242.45,Mailed check,Yes,Yes,Yes,0
2088-IEBAU,0.0329,Lower Risk,No,Two year,68,DSL,88.15,6148.45,Electronic check,No,Yes,Yes,0
9824-QCJPK,0.0327,Lower Risk,No,One year,36,No,20.0,666.75,Mailed check,No,No internet service,No internet service,0
9548-LERKT,0.0327,Lower Risk,No,Two year,24,No,19.75,483.15,Mailed check,No,No internet service,No internet service,0
3506-OVLKD,0.0326,Lower Risk,No,One year,35,No,26.2,954.9,Bank transfer (automatic),No,No internet service,No internet service,0
3865-ZFZIB,0.0325,Lower Risk,No,Two year,19,No,19.65,358.15,Mailed check,No,No internet service,No internet service,0
1395-OFUWC,0.0325,Lower Risk,No,Month-to-month,43,DSL,29.3,1224.05,Credit card (automatic),Yes,No,No,0
6418-HNFED,0.0325,Lower Risk,No,Two year,51,DSL,83.25,4089.45,Credit card (automatic),No,Yes,Yes,0
6064-ZATLR,0.0324,Lower Risk,No,Two year,27,DSL,52.85,1498.65,Bank transfer (automatic),No,Yes,No,0
9385-NXKDA,0.0324,Lower Risk,No,Two year,72,DSL,82.65,5919.35,Credit card (automatic),No,Yes,No,0
0979-MOZQI,0.0323,Lower Risk,No,Two year,62,DSL,39.0,2337.45,Bank transfer (automatic),No,No,Yes,0
4737-HOBAX,0.0319,Lower Risk,No,Two year,63,DSL,79.8,5034.05,Credit card (automatic),No,No,Yes,0
6993-YCOBK,0.0318,Lower Risk,No,Two year,60,Fiber optic,110.6,6586.85,Electronic check,Yes,Yes,Yes,0
9919-FZDED,0.0316,Lower Risk,No,Two year,72,DSL,84.1,5981.65,Credit card (automatic),No,Yes,No,0
0164-XAIRP,0.0315,Lower Risk,No,Two year,24,No,19.55,470.2,Bank transfer (automatic),No,No internet service,No internet service,0
7816-VGHTO,0.0311,Lower Risk,No,Two year,6,DSL,40.55,217.5,Mailed check,Yes,No,Yes,0
3705-PSNGL,0.0311,Lower Risk,No,One year,45,No,20.4,930.45,Electronic check,No,No internet service,No internet service,1
1023-BQXZE,0.031,Lower Risk,No,Two year,57,DSL,74.35,4317.35,Bank transfer (automatic),No,Yes,No,0
1139-WUOAH,0.0308,Lower Risk,No,Two year,57,DSL,53.35,3090.05,Credit card (automatic),No,No,Yes,0
6242-SGYTS,0.0307,Lower Risk,No,One year,62,Fiber optic,94.95,5791.85,Credit card (automatic),Yes,Yes,No,0
3982-JGSFD,0.0303,Lower Risk,No,One year,36,No,20.35,695.85,Credit card (automatic),No,No internet service,No internet service,0
3096-WPXBT,0.03,Lower Risk,No,One year,61,Fiber optic,100.7,6018.65,Credit card (automatic),Yes,Yes,No,0
6872-HXFNF,0.03,Lower Risk,No,One year,64,DSL,58.35,3756.45,Bank transfer (automatic),No,No,Yes,0
7581-EBBOU,0.0297,Lower Risk,No,One year,60,DSL,70.15,4224.7,Credit card (automatic),No,No,Yes,0
7010-ZMVBF,0.0296,Lower Risk,No,Month-to-month,18,No,20.45,357.0,Mailed check,Yes,No internet service,No internet service,0
7641-TQFHN,0.0295,Lower Risk,No,Two year,39,Fiber optic,100.55,3895.35,Mailed check,Yes,No,Yes,0
2250-IVBWA,0.0292,Lower Risk,No,Month-to-month,64,Fiber optic,81.05,5135.35,Electronic check,Yes,Yes,No,0
4751-ERMAN,0.0291,Lower Risk,No,Two year,72,DSL,75.4,5480.25,Bank transfer (automatic),No,No,No,0
4703-MQYKT,0.029,Lower Risk,No,Two year,21,No,19.6,390.4,Mailed check,No,No internet service,No internet service,0
1038-RQOST,0.0289,Lower Risk,No,Month-to-month,19,No,20.6,414.95,Mailed check,Yes,No internet service,No internet service,0
0123-CRBRT,0.0285,Lower Risk,No,Two year,61,DSL,88.1,5526.75,Mailed check,No,Yes,Yes,0
5808-TOTXO,0.0284,Lower Risk,No,One year,3,No,20.55,57.4,Credit card (automatic),Yes,No internet service,No internet service,0
3442-ZHHCC,0.0284,Lower Risk,No,One year,68,DSL,76.9,5023.0,Credit card (automatic),No,Yes,No,0
8782-NUUOL,0.0283,Lower Risk,No,One year,60,DSL,79.0,4801.1,Mailed check,No,Yes,Yes,0
3055-VTCGS,0.0282,Lower Risk,No,One year,63,DSL,58.55,3503.5,Credit card (automatic),No,No,No,0
8717-VCTXJ,0.0278,Lower Risk,No,One year,42,No,19.55,839.4,Mailed check,No,No internet service,No internet service,0
7762-ONLJY,0.0278,Lower Risk,No,One year,6,No,19.7,94.45,Mailed check,Yes,No internet service,No internet service,0
7401-JIXNM,0.0273,Lower Risk,No,Two year,54,DSL,91.3,4965.0,Credit card (automatic),No,Yes,Yes,0
2129-ALKBS,0.0273,Lower Risk,No,Month-to-month,40,No,26.2,1077.5,Electronic check,Yes,No internet service,No internet service,0
5917-RYRMG,0.0273,Lower Risk,No,One year,32,No,19.8,587.7,Credit card (automatic),No,No internet service,No internet service,0
3530-VWVGU,0.027,Lower Risk,No,Month-to-month,22,No,19.9,400.3,Mailed check,Yes,No internet service,No internet service,0
4702-HDRKD,0.0269,Lower Risk,No,One year,67,DSL,49.35,3321.35,Bank transfer (automatic),No,Yes,Yes,0
6223-DHJGV,0.0269,Lower Risk,No,One year,42,No,20.65,958.1,Mailed check,No,No internet service,No internet service,0
4560-WQAQW,0.0264,Lower Risk,No,One year,59,DSL,68.7,4070.95,Bank transfer (automatic),No,Yes,Yes,0
6681-ZSEXG,0.0263,Lower Risk,No,Two year,56,DSL,59.5,3389.25,Credit card (automatic),No,No,No,0
2877-VDUER,0.0261,Lower Risk,No,One year,35,DSL,40.9,1383.6,Mailed check,Yes,No,Yes,0
5062-CJJKH,0.026,Lower Risk,No,One year,25,DSL,53.65,1355.45,Mailed check,Yes,No,No,0
1729-VLAZJ,0.0259,Lower Risk,No,One year,10,DSL,40.25,411.45,Mailed check,Yes,Yes,Yes,0
3324-OIRTO,0.0259,Lower Risk,No,One year,71,Fiber optic,104.65,7288.4,Bank transfer (automatic),Yes,Yes,No,0
4039-PIMHX,0.0258,Lower Risk,No,Two year,49,DSL,49.8,2398.4,Mailed check,No,No,No,0
5018-LXQQG,0.0257,Lower Risk,No,Month-to-month,30,DSL,66.3,1923.5,Bank transfer (automatic),Yes,Yes,Yes,0
0661-KBKPA,0.0257,Lower Risk,No,One year,53,DSL,78.75,3942.45,Mailed check,Yes,No,Yes,0
5446-DKWYW,0.0255,Lower Risk,No,One year,61,DSL,65.2,3965.05,Electronic check,Yes,No,No,0
5893-PYOLZ,0.0249,Lower Risk,No,Two year,56,DSL,81.8,4534.45,Credit card (automatic),No,No,Yes,0
0980-FEXWF,0.0244,Lower Risk,No,One year,26,DSL,50.35,1285.8,Mailed check,Yes,No,No,0
6701-YVNQG,0.0244,Lower Risk,No,Two year,72,DSL,88.7,6301.7,Credit card (automatic),No,Yes,Yes,0
8869-TORSS,0.0244,Lower Risk,No,One year,48,DSL,60.35,2896.4,Credit card (automatic),No,Yes,Yes,1
5924-SNGKP,0.0243,Lower Risk,No,One year,41,No,20.25,865.0,Credit card (automatic),No,No internet service,No internet service,0
9013-AQORL,0.0241,Lower Risk,No,Month-to-month,48,DSL,45.55,2108.35,Credit card (automatic),Yes,No,No,0
8390-FESFV,0.0241,Lower Risk,No,Two year,62,DSL,84.5,5193.2,Bank transfer (automatic),No,No,Yes,0
6434-TTGJP,0.0239,Lower Risk,No,Two year,10,DSL,53.7,521.0,Credit card (automatic),Yes,Yes,Yes,0
5514-YQENT,0.0238,Lower Risk,No,Two year,41,Fiber optic,111.15,4507.15,Electronic check,Yes,Yes,Yes,0
5313-FPXWG,0.0238,Lower Risk,No,One year,51,No,24.6,1266.4,Bank transfer (automatic),No,No internet service,No internet service,0
6203-HBZPA,0.0237,Lower Risk,No,Two year,52,DSL,63.9,3334.95,Credit card (automatic),No,Yes,Yes,0
2812-REYAT,0.0236,Lower Risk,No,One year,49,No,20.05,923.1,Bank transfer (automatic),No,No internet service,No internet service,0
4537-CIBHB,0.0235,Lower Risk,No,One year,9,No,20.25,172.35,Mailed check,Yes,No internet service,No internet service,0
5702-KVQRD,0.0235,Lower Risk,No,Two year,71,DSL,82.55,5832.65,Electronic check,No,Yes,Yes,0
9822-BIIGN,0.0233,Lower Risk,No,Month-to-month,53,DSL,71.85,3827.9,Electronic check,Yes,Yes,Yes,0
6967-PEJLL,0.023,Lower Risk,No,One year,37,DSL,40.2,1525.35,Electronic check,Yes,Yes,Yes,0
1227-UDMZR,0.0229,Lower Risk,No,Two year,72,DSL,91.15,6637.9,Bank transfer (automatic),No,Yes,Yes,0
9339-FIIJL,0.0229,Lower Risk,No,Two year,72,DSL,85.95,6151.9,Bank transfer (automatic),No,No,Yes,0
2408-PSJVE,0.0228,Lower Risk,No,Month-to-month,44,DSL,61.9,2924.05,Mailed check,Yes,No,Yes,0
5857-XRECV,0.0228,Lower Risk,No,One year,2,No,20.5,38.25,Bank transfer (automatic),Yes,No internet service,No internet service,0
9402-ROUMJ,0.0227,Lower Risk,No,One year,67,Fiber optic,100.25,6689.0,Bank transfer (automatic),Yes,Yes,Yes,0
0788-DXBFY,0.0227,Lower Risk,No,One year,58,No,19.55,1108.8,Electronic check,No,No internet service,No internet service,0
0909-SELIE,0.022,Lower Risk,No,Two year,61,DSL,80.8,4860.85,Bank transfer (automatic),No,Yes,Yes,0
8181-YHCMF,0.022,Lower Risk,No,Two year,68,DSL,60.3,4109.0,Credit card (automatic),No,No,Yes,0
2171-UDMFD,0.022,Lower Risk,No,Month-to-month,32,No,19.45,674.55,Credit card (automatic),Yes,No internet service,No internet service,0
5380-XPJNZ,0.0219,Lower Risk,No,One year,38,No,20.05,678.2,Mailed check,No,No internet service,No internet service,0
4121-AGSIN,0.0219,Lower Risk,No,One year,58,No,24.5,1497.9,Credit card (automatic),No,No internet service,No internet service,0
5442-BXVND,0.0219,Lower Risk,No,Month-to-month,33,No,24.25,838.5,Bank transfer (automatic),Yes,No internet service,No internet service,0
9073-ZZIAY,0.0218,Lower Risk,No,Two year,62,DSL,86.1,5215.25,Electronic check,No,Yes,Yes,0
8015-IHCGW,0.0217,Lower Risk,No,Two year,72,Fiber optic,115.5,8425.15,Electronic check,Yes,Yes,Yes,0
8591-TKMZH,0.0216,Lower Risk,No,Two year,59,Fiber optic,111.1,6555.2,Mailed check,Yes,Yes,Yes,0
9308-ANMVE,0.0212,Lower Risk,No,Month-to-month,47,DSL,55.3,2654.05,Electronic check,Yes,Yes,No,0
1122-YJBCS,0.0212,Lower Risk,No,One year,69,DSL,53.65,3804.4,Credit card (automatic),No,Yes,No,0
8345-MVDYC,0.021,Lower Risk,No,Two year,45,DSL,81.65,3618.7,Bank transfer (automatic),No,Yes,Yes,0
8690-UPCZI,0.021,Lower Risk,No,One year,29,DSL,69.05,1958.45,Bank transfer (automatic),Yes,Yes,Yes,0
3649-JPUGY,0.0209,Lower Risk,No,Two year,72,DSL,88.6,6201.95,Bank transfer (automatic),No,No,Yes,0
2805-AUFQN,0.0206,Lower Risk,No,Two year,25,No,19.8,475.2,Credit card (automatic),No,No internet service,No internet service,0
8741-LQOBK,0.0203,Lower Risk,No,Month-to-month,46,DSL,35.05,1620.25,Bank transfer (automatic),Yes,Yes,No,0
5975-BAICR,0.0202,Lower Risk,No,One year,36,DSL,63.7,2188.5,Credit card (automatic),Yes,Yes,No,0
3161-ONRWK,0.0201,Lower Risk,No,One year,60,DSL,65.85,3928.3,Bank transfer (automatic),No,Yes,Yes,0
7996-BPXHY,0.0201,Lower Risk,No,Two year,13,No,25.0,332.5,Bank transfer (automatic),Yes,No internet service,No internet service,0
9674-EHPPG,0.02,Lower Risk,No,Two year,46,DSL,40.4,1842.7,Credit card (automatic),No,Yes,Yes,0
6953-PBDIN,0.0199,Lower Risk,No,Two year,70,DSL,72.95,5265.55,Bank transfer (automatic),No,No,Yes,0
7971-HLVXI,0.0199,Lower Risk,No,Two year,72,Fiber optic,84.5,6130.85,Credit card (automatic),Yes,No,No,0
3766-EJLFL,0.0198,Lower Risk,No,Two year,68,Fiber optic,109.05,7508.55,Bank transfer (automatic),Yes,Yes,Yes,0
0839-JTCUD,0.0193,Lower Risk,No,Two year,66,DSL,89.9,5958.85,Credit card (automatic),No,Yes,Yes,0
2987-BJXIK,0.0192,Lower Risk,No,Two year,70,DSL,84.7,5991.05,Mailed check,No,Yes,No,0
6682-QJDGB,0.0191,Lower Risk,No,Month-to-month,40,DSL,55.25,2139.2,Mailed check,Yes,Yes,No,1
0056-EPFBG,0.0191,Lower Risk,No,Two year,20,DSL,39.4,825.4,Credit card (automatic),Yes,Yes,Yes,0
4654-ULTTN,0.019,Lower Risk,No,Two year,70,DSL,74.8,5315.8,Credit card (automatic),No,Yes,Yes,0
4825-FUREZ,0.019,Lower Risk,No,Two year,42,No,20.25,835.5,Electronic check,No,No internet service,No internet service,0
0230-UBYPQ,0.0189,Lower Risk,No,One year,63,DSL,36.1,2298.9,Bank transfer (automatic),No,Yes,Yes,0
4213-HKBJO,0.0186,Lower Risk,No,Two year,33,No,25.7,826.1,Credit card (automatic),No,No internet service,No internet service,0
6119-SPUDB,0.0186,Lower Risk,No,Two year,46,DSL,38.25,1755.35,Mailed check,No,Yes,Yes,0
3489-VSFRD,0.0185,Lower Risk,No,One year,56,DSL,60.25,3282.75,Credit card (automatic),No,Yes,Yes,0
0707-HOVVN,0.018,Lower Risk,No,Two year,70,DSL,75.5,5212.65,Bank transfer (automatic),No,No,Yes,0
6685-GBWJZ,0.018,Lower Risk,No,One year,63,DSL,70.8,4448.8,Credit card (automatic),No,Yes,Yes,0
7649-SIJJF,0.018,Lower Risk,No,Two year,71,DSL,80.1,5585.4,Mailed check,No,Yes,Yes,0
9483-GCPWE,0.0178,Lower Risk,No,One year,9,No,20.1,190.25,Mailed check,Yes,No internet service,No internet service,0
6445-TNRXS,0.0178,Lower Risk,No,Two year,68,Fiber optic,114.7,7849.85,Bank transfer (automatic),Yes,Yes,Yes,0
1568-BEKZM,0.0178,Lower Risk,No,Two year,70,DSL,90.05,6333.4,Credit card (automatic),No,Yes,Yes,0
3301-VKTGC,0.0177,Lower Risk,No,One year,68,Fiber optic,85.5,5696.6,Bank transfer (automatic),Yes,Yes,No,0
9359-UGBTK,0.0177,Lower Risk,No,One year,67,DSL,72.35,4991.5,Bank transfer (automatic),No,Yes,Yes,0
0420-TXVSG,0.0176,Lower Risk,No,Two year,66,DSL,66.1,4428.45,Credit card (automatic),No,Yes,No,0
1036-GUDCL,0.0175,Lower Risk,No,Month-to-month,60,DSL,79.05,4663.4,Credit card (automatic),Yes,Yes,Yes,0
8626-PTQGE,0.0175,Lower Risk,No,Two year,69,DSL,60.05,4176.7,Bank transfer (automatic),No,Yes,Yes,0
2332-TODQS,0.0172,Lower Risk,No,One year,48,No,25.05,1171.5,Credit card (automatic),No,No internet service,No internet service,0
1741-WTPON,0.0171,Lower Risk,No,Two year,56,Fiber optic,115.85,6567.9,Mailed check,Yes,Yes,Yes,0
6814-ZPWFQ,0.017,Lower Risk,No,One year,51,No,25.0,1260.7,Bank transfer (automatic),No,No internet service,No internet service,0
1459-QNFQT,0.017,Lower Risk,No,Two year,70,DSL,59.5,4144.8,Bank transfer (automatic),No,Yes,Yes,0
9313-CDOGY,0.0168,Lower Risk,No,Month-to-month,38,No,19.6,717.3,Electronic check,Yes,No internet service,No internet service,0
7408-OFWXJ,0.0167,Lower Risk,No,Two year,72,DSL,89.8,6510.45,Credit card (automatic),No,Yes,Yes,0
0732-OCQOC,0.0164,Lower Risk,No,Two year,52,No,25.05,1270.25,Bank transfer (automatic),No,No internet service,No internet service,0
0048-PIHNL,0.0163,Lower Risk,No,One year,49,No,20.45,900.9,Bank transfer (automatic),No,No internet service,No internet service,0
8915-NNTRC,0.0163,Lower Risk,No,Two year,72,Fiber optic,107.7,7919.8,Credit card (automatic),Yes,Yes,Yes,0
6288-CHQJB,0.0161,Lower Risk,No,Two year,54,DSL,69.95,3871.85,Bank transfer (automatic),No,Yes,Yes,0
0379-DJQHR,0.016,Lower Risk,No,Two year,67,DSL,81.35,5398.6,Credit card (automatic),No,Yes,No,0
3396-DKDEL,0.0158,Lower Risk,No,Two year,70,Fiber optic,115.15,8250.0,Credit card (automatic),Yes,Yes,Yes,0
9610-WCESF,0.0158,Lower Risk,No,Two year,67,DSL,43.9,3097.2,Electronic check,No,Yes,Yes,0
9648-BCHKM,0.0158,Lower Risk,No,Two year,18,No,24.65,471.35,Credit card (automatic),Yes,No internet service,No internet service,0
4378-MYPGO,0.0157,Lower Risk,No,Two year,68,Fiber optic,105.25,7173.15,Bank transfer (automatic),Yes,Yes,No,0
3251-YMVWZ,0.0157,Lower Risk,No,One year,53,No,24.05,1301.9,Bank transfer (automatic),No,No internet service,No internet service,0
4086-ATNFV,0.0155,Lower Risk,No,One year,34,DSL,60.8,2042.05,Mailed check,Yes,Yes,No,0
3487-EARAT,0.0153,Lower Risk,No,One year,70,DSL,74.1,5222.3,Credit card (automatic),No,Yes,Yes,0
3967-KXAPS,0.0153,Lower Risk,No,Two year,72,DSL,92.3,6719.9,Credit card (automatic),No,Yes,Yes,0
8430-TWCBX,0.0153,Lower Risk,No,One year,49,No,20.7,1032.05,Credit card (automatic),No,No internet service,No internet service,0
5061-PBXFW,0.0152,Lower Risk,No,Month-to-month,32,DSL,61.4,1864.65,Bank transfer (automatic),Yes,Yes,Yes,0
2649-HWLYB,0.0152,Lower Risk,No,Two year,65,DSL,76.15,4929.55,Bank transfer (automatic),No,Yes,Yes,0
8314-HTWVE,0.0146,Lower Risk,No,Two year,7,No,19.85,144.15,Mailed check,Yes,No internet service,No internet service,0
9968-FFVVH,0.0146,Lower Risk,No,One year,63,DSL,68.8,4111.35,Bank transfer (automatic),No,Yes,Yes,0
6527-PZFPV,0.0144,Lower Risk,No,One year,24,No,20.8,469.65,Credit card (automatic),Yes,No internet service,No internet service,0
8580-QVLOC,0.0144,Lower Risk,No,Two year,72,DSL,92.45,6440.25,Credit card (automatic),No,Yes,Yes,1
0017-IUDMW,0.0142,Lower Risk,No,Two year,72,Fiber optic,116.8,8456.75,Credit card (automatic),Yes,Yes,Yes,0
7205-BAIAD,0.0141,Lower Risk,No,Two year,40,No,20.6,827.3,Bank transfer (automatic),No,No internet service,No internet service,0
9108-EQPNQ,0.014,Lower Risk,No,Two year,10,No,26.1,225.55,Credit card (automatic),Yes,No internet service,No internet service,0
5329-KRDTM,0.014,Lower Risk,No,Two year,72,DSL,77.35,5396.25,Credit card (automatic),No,No,Yes,0
6374-AFWOX,0.014,Lower Risk,No,Two year,46,DSL,65.65,3047.15,Mailed check,No,Yes,Yes,0
9777-IQHWP,0.0139,Lower Risk,No,Two year,64,Fiber optic,93.4,5822.3,Bank transfer (automatic),Yes,Yes,No,0
8400-WZICQ,0.0137,Lower Risk,No,Month-to-month,55,DSL,55.7,3131.8,Electronic check,Yes,Yes,No,0
7337-CINUD,0.0136,Lower Risk,No,Two year,8,No,19.5,159.35,Bank transfer (automatic),Yes,No internet service,No internet service,0
5057-RKGLH,0.0133,Lower Risk,No,Two year,9,No,20.35,191.1,Mailed check,Yes,No internet service,No internet service,0
0608-JDVEC,0.0133,Lower Risk,No,Two year,50,No,19.8,1013.2,Electronic check,No,No internet service,No internet service,0
8779-YIQQA,0.0133,Lower Risk,No,One year,21,No,19.8,350.1,Mailed check,Yes,No internet service,No internet service,0
6388-TABGU,0.0131,Lower Risk,No,One year,62,DSL,56.15,3487.95,Bank transfer (automatic),No,Yes,No,0
9867-XOBQA,0.013,Lower Risk,No,Two year,21,DSL,53.15,1183.2,Mailed check,Yes,Yes,Yes,0
2954-PIBKO,0.0126,Lower Risk,No,Two year,69,DSL,64.15,4254.1,Credit card (automatic),No,Yes,Yes,0
4012-YCFAI,0.0124,Lower Risk,No,Two year,60,DSL,61.35,3766.2,Mailed check,No,Yes,Yes,0
4018-PPNDW,0.0124,Lower Risk,No,Two year,61,No,24.1,1551.6,Mailed check,No,No internet service,No internet service,0
5696-CEIQJ,0.0123,Lower Risk,No,Two year,67,Fiber optic,103.15,6895.5,Bank transfer (automatic),Yes,No,Yes,0
4940-KHCWD,0.0123,Lower Risk,No,Two year,60,DSL,37.7,2288.7,Bank transfer (automatic),No,Yes,Yes,0
9758-MFWGD,0.0122,Lower Risk,No,One year,48,DSL,29.9,1388.75,Bank transfer (automatic),Yes,No,No,0
1494-EJZDW,0.0122,Lower Risk,No,Two year,10,No,20.15,220.8,Mailed check,Yes,No internet service,No internet service,0
7520-HQWJU,0.0121,Lower Risk,No,Month-to-month,66,DSL,67.45,4508.65,Bank transfer (automatic),Yes,Yes,No,0
5803-NQJZO,0.012,Lower Risk,No,Two year,72,DSL,67.8,4804.65,Bank transfer (automatic),No,Yes,Yes,0
5204-HMGYF,0.012,Lower Risk,No,One year,49,DSL,87.2,4345.0,Mailed check,Yes,Yes,Yes,0
6848-YLDFR,0.0119,Lower Risk,No,One year,58,DSL,75.2,4300.8,Credit card (automatic),Yes,No,Yes,0
3717-FDJFU,0.0117,Lower Risk,No,Two year,5,No,20.45,106.9,Mailed check,Yes,No internet service,No internet service,0
2990-IAJSV,0.0116,Lower Risk,No,Two year,72,DSL,92.0,6632.75,Bank transfer (automatic),No,Yes,Yes,0
0181-RITDD,0.0115,Lower Risk,No,Two year,62,Fiber optic,108.15,6825.65,Mailed check,Yes,Yes,Yes,0
6374-NTQLP,0.0113,Lower Risk,No,Two year,72,Fiber optic,104.1,7447.7,Credit card (automatic),Yes,Yes,Yes,0
4735-BJKOU,0.0111,Lower Risk,No,Two year,40,No,20.15,804.85,Mailed check,No,No internet service,No internet service,0
3400-ESFUW,0.0109,Lower Risk,No,Two year,55,DSL,57.55,3046.4,Bank transfer (automatic),No,Yes,Yes,1
1063-DHQJF,0.0109,Lower Risk,No,Two year,69,Fiber optic,92.15,6480.9,Mailed check,Yes,No,Yes,0
9530-GRMJG,0.0108,Lower Risk,No,Two year,70,DSL,84.1,5979.7,Electronic check,Yes,No,Yes,0
8338-QIUNR,0.0107,Lower Risk,No,Two year,72,DSL,66.5,4811.6,Credit card (automatic),No,Yes,Yes,0
1929-ZCBHE,0.0107,Lower Risk,No,One year,47,DSL,40.3,1794.8,Electronic check,Yes,Yes,Yes,0
3812-LRZIR,0.0106,Lower Risk,No,Two year,27,No,24.5,761.95,Electronic check,Yes,No internet service,No internet service,0
7632-YUTXB,0.0106,Lower Risk,No,One year,25,No,20.05,520.1,Mailed check,Yes,No internet service,No internet service,0
6519-ZHPXP,0.0106,Lower Risk,No,Two year,72,Fiber optic,108.3,7679.65,Bank transfer (automatic),Yes,Yes,Yes,0
9640-ZSLDC,0.0105,Lower Risk,No,One year,53,DSL,60.6,3297.0,Credit card (automatic),Yes,No,No,0
3831-YCPUO,0.0104,Lower Risk,No,Two year,72,Fiber optic,109.5,7854.9,Credit card (automatic),Yes,Yes,Yes,0
8028-PNXHQ,0.0103,Lower Risk,No,Two year,62,No,24.25,1424.6,Bank transfer (automatic),No,No internet service,No internet service,0
1047-RNXZV,0.0103,Lower Risk,No,Two year,43,No,19.55,876.15,Mailed check,No,No internet service,No internet service,0
3071-MVJCD,0.0102,Lower Risk,No,Two year,72,DSL,82.3,5815.15,Bank transfer (automatic),No,Yes,Yes,0
7560-QJAVJ,0.0101,Lower Risk,No,Two year,70,DSL,79.6,5589.45,Bank transfer (automatic),No,Yes,Yes,0
2266-FUBDZ,0.0101,Lower Risk,No,Two year,15,No,19.35,278.85,Mailed check,Yes,No internet service,No internet service,0
4877-TSOFF,0.0099,Lower Risk,No,One year,55,DSL,75.75,4264.25,Bank transfer (automatic),Yes,Yes,Yes,0
4530-NDRKU,0.0098,Lower Risk,No,One year,42,No,19.05,761.85,Electronic check,Yes,No internet service,No internet service,0
3795-GWTRD,0.0098,Lower Risk,No,Two year,63,DSL,75.55,4707.85,Credit card (automatic),No,Yes,Yes,0
6080-LNESI,0.0098,Lower Risk,No,Two year,51,No,24.75,1234.6,Mailed check,No,No internet service,No internet service,0
7636-PEPNS,0.0098,Lower Risk,No,One year,58,DSL,44.1,2413.05,Mailed check,Yes,No,No,0
9588-YRFHY,0.0097,Lower Risk,No,Two year,49,No,19.9,1022.6,Credit card (automatic),No,No internet service,No internet service,0
6013-BHCAW,0.0096,Lower Risk,No,Two year,61,DSL,81.0,4976.15,Bank transfer (automatic),Yes,No,Yes,0
4521-WFJAI,0.0096,Lower Risk,No,Two year,56,No,25.95,1444.05,Bank transfer (automatic),No,No internet service,No internet service,0
4227-OJHAL,0.0096,Lower Risk,No,One year,68,DSL,73.0,5163.0,Credit card (automatic),Yes,Yes,No,0
4981-FLTMF,0.0095,Lower Risk,No,Month-to-month,57,DSL,65.2,3687.85,Bank transfer (automatic),Yes,Yes,Yes,0
1862-QRWPE,0.0093,Lower Risk,No,Two year,48,No,20.65,1057.0,Bank transfer (automatic),No,No internet service,No internet service,0
7471-MQPOS,0.0093,Lower Risk,No,One year,71,DSL,72.9,5139.65,Bank transfer (automatic),Yes,No,Yes,0
6292-TOSSS,0.0093,Lower Risk,No,Two year,50,No,24.9,1195.25,Bank transfer (automatic),No,No internet service,No internet service,0
5825-XJOCM,0.0093,Lower Risk,No,One year,48,DSL,64.4,3035.35,Bank transfer (automatic),Yes,Yes,No,0
6061-GWWAV,0.0092,Lower Risk,No,One year,41,DSL,70.2,2894.55,Mailed check,Yes,Yes,No,0
6322-HRPFA,0.0092,Lower Risk,No,Month-to-month,49,DSL,59.6,2970.3,Credit card (automatic),Yes,Yes,Yes,0
1776-SPBWV,0.0091,Lower Risk,No,One year,34,No,20.1,682.1,Bank transfer (automatic),Yes,No internet service,No internet service,0
2541-YGPKE,0.009,Lower Risk,No,One year,42,DSL,63.7,2763.35,Credit card (automatic),Yes,Yes,Yes,0
2335-GSODA,0.0089,Lower Risk,No,Two year,23,DSL,40.1,857.75,Mailed check,Yes,Yes,Yes,0
9945-PSVIP,0.0087,Lower Risk,No,Two year,25,No,18.7,383.65,Mailed check,Yes,No internet service,No internet service,0
7998-WNZEM,0.0087,Lower Risk,No,Two year,71,DSL,80.6,5708.2,Bank transfer (automatic),No,Yes,Yes,0
2892-GESUL,0.0084,Lower Risk,No,Two year,18,No,19.35,309.25,Mailed check,Yes,No internet service,No internet service,0
3200-MNQTF,0.0084,Lower Risk,No,Two year,67,DSL,70.9,4677.1,Credit card (automatic),No,Yes,Yes,0
5519-TEEUH,0.0084,Lower Risk,No,One year,33,No,20.15,682.15,Mailed check,Yes,No internet service,No internet service,0
9755-JHNMN,0.0083,Lower Risk,No,Two year,49,DSL,67.4,3306.85,Bank transfer (automatic),No,Yes,Yes,0
5324-KTGCG,0.0082,Lower Risk,No,One year,71,No,20.85,1539.75,Electronic check,No,No internet service,No internet service,0
6164-HAQTX,0.0082,Lower Risk,No,Two year,71,DSL,53.95,3888.65,Bank transfer (automatic),No,Yes,Yes,0
4785-FCIFB,0.0081,Lower Risk,No,Two year,61,No,24.4,1417.9,Mailed check,No,No internet service,No internet service,0
9372-TXXPS,0.0078,Lower Risk,No,Two year,60,DSL,59.85,3483.45,Bank transfer (automatic),No,Yes,Yes,0
3948-KXDUF,0.0075,Lower Risk,No,Two year,66,DSL,68.75,4447.55,Bank transfer (automatic),No,Yes,Yes,0
2632-TACXW,0.0074,Lower Risk,No,Two year,62,No,23.65,1416.75,Bank transfer (automatic),No,No internet service,No internet service,0
0052-YNYOT,0.0074,Lower Risk,No,One year,67,No,20.55,1343.4,Electronic check,No,No internet service,No internet service,0
6370-ZVHDV,0.0073,Lower Risk,No,Two year,61,No,25.3,1554.9,Bank transfer (automatic),No,No internet service,No internet service,0
8241-JUIQO,0.0073,Lower Risk,No,One year,61,No,19.45,1336.35,Bank transfer (automatic),No,No internet service,No internet service,0
4299-OPXEJ,0.0072,Lower Risk,No,Two year,56,No,19.55,1080.55,Bank transfer (automatic),No,No internet service,No internet service,0
8207-VVMYB,0.0072,Lower Risk,No,Two year,70,No,26.0,2006.95,Bank transfer (automatic),No,No internet service,No internet service,0
0263-FJTQO,0.0069,Lower Risk,No,Two year,50,DSL,70.5,3486.65,Credit card (automatic),Yes,Yes,Yes,0
5666-MBJPT,0.0069,Lower Risk,No,Two year,65,No,25.1,1725.0,Bank transfer (automatic),No,No internet service,No internet service,0
8701-DGLVH,0.0068,Lower Risk,No,Two year,51,No,20.45,1042.65,Mailed check,No,No internet service,No internet service,0
4962-CHQPW,0.0067,Lower Risk,No,One year,29,No,19.85,535.05,Mailed check,Yes,No internet service,No internet service,0
0298-XACET,0.0066,Lower Risk,No,Two year,52,DSL,50.2,2554.0,Mailed check,Yes,No,Yes,0
8173-RXAYP,0.0065,Lower Risk,No,Two year,24,No,19.7,452.55,Mailed check,Yes,No internet service,No internet service,0
6917-FIJHC,0.0064,Lower Risk,No,Two year,72,No,26.0,1776.0,Mailed check,No,No internet service,No internet service,0
9950-MTGYX,0.0064,Lower Risk,No,Two year,28,No,20.3,487.95,Credit card (automatic),Yes,No internet service,No internet service,0
5696-JVVQY,0.0063,Lower Risk,No,Two year,48,DSL,70.1,3238.4,Credit card (automatic),Yes,Yes,No,0
9286-BHDQG,0.0063,Lower Risk,No,Two year,72,DSL,45.25,3139.8,Credit card (automatic),No,Yes,Yes,0
3027-YNWZU,0.0063,Lower Risk,No,Two year,64,No,25.0,1584.8,Credit card (automatic),No,No internet service,No internet service,0
1926-QUZNN,0.0063,Lower Risk,No,Two year,72,No,25.25,1841.2,Bank transfer (automatic),No,No internet service,No internet service,0
6625-FLENO,0.0062,Lower Risk,No,Two year,58,No,20.75,1185.95,Mailed check,No,No internet service,No internet service,0
5751-USDBL,0.0061,Lower Risk,No,Two year,46,DSL,81.0,3846.35,Mailed check,Yes,Yes,Yes,0
4698-KVLLG,0.0061,Lower Risk,No,Two year,51,No,19.6,967.9,Credit card (automatic),No,No internet service,No internet service,0
6134-KWTBV,0.0058,Lower Risk,No,Two year,62,No,23.4,1429.65,Bank transfer (automatic),No,No internet service,No internet service,0
8590-OHDIW,0.0058,Lower Risk,No,One year,38,No,20.3,749.35,Mailed check,Yes,No internet service,No internet service,0
1705-GUHPV,0.0058,Lower Risk,No,Two year,63,No,24.2,1618.2,Mailed check,No,No internet service,No internet service,0
9814-AOUDH,0.0057,Lower Risk,No,Two year,53,No,19.5,1050.5,Credit card (automatic),No,No internet service,No internet service,0
6349-JDHQP,0.0056,Lower Risk,No,Two year,53,No,19.85,1049.6,Credit card (automatic),No,No internet service,No internet service,0
8590-YFFQO,0.0055,Lower Risk,No,Two year,70,DSL,64.95,4523.25,Credit card (automatic),No,Yes,Yes,0
3429-IFLEM,0.0053,Lower Risk,No,Two year,71,DSL,77.35,5550.1,Credit card (automatic),No,Yes,Yes,0
8619-IJNDK,0.0053,Lower Risk,No,Two year,71,DSL,64.05,4492.9,Credit card (automatic),No,Yes,Yes,0
0057-QBUQH,0.0052,Lower Risk,No,Two year,43,No,25.1,1070.15,Electronic check,Yes,No internet service,No internet service,0
3978-YNKDD,0.0052,Lower Risk,No,Two year,19,No,20.85,467.5,Credit card (automatic),Yes,No internet service,No internet service,0
1088-AUUZZ,0.0051,Lower Risk,No,Two year,56,DSL,75.85,4261.2,Credit card (automatic),Yes,Yes,Yes,0
3970-XGJDU,0.0051,Lower Risk,No,Two year,62,No,19.2,1123.65,Credit card (automatic),No,No internet service,No internet service,0
2696-RZVZW,0.005,Lower Risk,No,Two year,68,No,25.05,1629.2,Credit card (automatic),No,No internet service,No internet service,0
3836-FZSDJ,0.0049,Lower Risk,No,Two year,71,No,24.85,1901.0,Bank transfer (automatic),No,No internet service,No internet service,0
1767-CJKBA,0.0049,Lower Risk,No,Two year,66,No,25.1,1697.7,Mailed check,No,No internet service,No internet service,0
3646-ITDGM,0.0049,Lower Risk,No,Two year,56,No,19.7,1051.9,Bank transfer (automatic),No,No internet service,No internet service,0
5774-QPLTF,0.0048,Lower Risk,No,One year,50,No,20.35,938.95,Mailed check,Yes,No internet service,No internet service,0
0625-AFOHS,0.0048,Lower Risk,No,Two year,29,No,20.2,558.8,Mailed check,Yes,No internet service,No internet service,0
5498-IBWPI,0.0048,Lower Risk,No,One year,66,DSL,49.4,3251.85,Credit card (automatic),Yes,No,Yes,0
6332-FBZRI,0.0048,Lower Risk,No,One year,67,DSL,69.35,4653.25,Credit card (automatic),Yes,Yes,Yes,0
7216-KAOID,0.0047,Lower Risk,No,One year,41,No,19.5,798.2,Bank transfer (automatic),Yes,No internet service,No internet service,0
5334-AFQJB,0.0047,Lower Risk,No,Two year,72,No,25.1,1789.9,Credit card (automatic),No,No internet service,No internet service,0
4335-UPJSI,0.0047,Lower Risk,No,Two year,24,No,19.75,498.1,Mailed check,Yes,No internet service,No internet service,0
4312-KFRXN,0.0047,Lower Risk,No,Two year,72,No,25.4,1710.9,Mailed check,No,No internet service,No internet service,0
4955-VCWBI,0.0046,Lower Risk,No,One year,43,No,20.0,817.95,Mailed check,Yes,No internet service,No internet service,0
8735-SDUFN,0.0046,Lower Risk,No,Two year,72,No,24.3,1778.7,Bank transfer (automatic),No,No internet service,No internet service,0
0301-FIDRB,0.0045,Lower Risk,No,Two year,72,DSL,63.8,4684.3,Bank transfer (automatic),Yes,Yes,Yes,0
2169-RRLFW,0.0044,Lower Risk,No,Two year,71,No,25.6,1888.25,Credit card (automatic),No,No internet service,No internet service,0
3508-VLHCZ,0.0044,Lower Risk,No,Two year,71,DSL,90.55,6239.05,Credit card (automatic),Yes,Yes,Yes,0
7167-PCEYD,0.0044,Lower Risk,No,Two year,67,No,19.8,1311.3,Mailed check,No,No internet service,No internet service,0
6848-HJTXY,0.0044,Lower Risk,No,Two year,64,No,19.45,1208.6,Credit card (automatic),No,No internet service,No internet service,0
8292-ITGYJ,0.0044,Lower Risk,No,Two year,45,No,24.65,1138.8,Bank transfer (automatic),Yes,No internet service,No internet service,0
8347-GDTMP,0.0043,Lower Risk,No,Two year,64,No,19.45,1225.65,Credit card (automatic),No,No internet service,No internet service,0
5727-MYATE,0.0043,Lower Risk,No,Two year,72,DSL,90.8,6397.6,Credit card (automatic),Yes,Yes,Yes,0
2824-DXNKN,0.0042,Lower Risk,No,Two year,72,DSL,71.45,5025.85,Bank transfer (automatic),Yes,Yes,No,0
1945-XISKS,0.0042,Lower Risk,No,Two year,67,No,19.65,1335.2,Mailed check,No,No internet service,No internet service,0
7114-AEOZE,0.0041,Lower Risk,No,Two year,60,No,19.85,1128.1,Bank transfer (automatic),No,No internet service,No internet service,0
3454-JFUBC,0.004,Lower Risk,No,Two year,68,No,20.0,1396.0,Credit card (automatic),No,No internet service,No internet service,0
2525-GVKQU,0.004,Lower Risk,No,Two year,60,No,20.6,1093.0,Mailed check,No,No internet service,No internet service,0
9067-SQTNS,0.0039,Lower Risk,No,One year,44,No,20.6,926.0,Bank transfer (automatic),Yes,No internet service,No internet service,0
6345-FZOQH,0.0038,Lower Risk,No,Two year,69,No,19.9,1363.45,Mailed check,No,No internet service,No internet service,0
2885-HIJDH,0.0038,Lower Risk,No,Two year,69,DSL,86.9,6194.1,Bank transfer (automatic),Yes,Yes,Yes,0
5845-BZZIB,0.0038,Lower Risk,No,Two year,35,No,20.1,655.3,Mailed check,Yes,No internet service,No internet service,0
5266-PFRQK,0.0038,Lower Risk,No,One year,52,No,20.85,1071.6,Credit card (automatic),Yes,No internet service,No internet service,0
2616-FLVQC,0.0037,Lower Risk,No,Two year,64,No,19.55,1240.15,Mailed check,No,No internet service,No internet service,0
2263-SFSQZ,0.0036,Lower Risk,No,Two year,51,No,24.95,1222.25,Mailed check,Yes,No internet service,No internet service,0
2984-RGEYA,0.0035,Lower Risk,No,Two year,69,No,19.75,1375.4,Bank transfer (automatic),No,No internet service,No internet service,0
7602-DBTOU,0.0035,Lower Risk,No,Two year,71,No,19.6,1416.5,Mailed check,No,No internet service,No internet service,0
2925-VDZHY,0.0034,Lower Risk,No,Two year,72,DSL,88.7,6501.35,Credit card (automatic),Yes,Yes,Yes,0
4674-HGNUA,0.0033,Lower Risk,No,Two year,71,DSL,89.9,6457.15,Credit card (automatic),Yes,Yes,Yes,0
8219-VYBVI,0.0033,Lower Risk,No,Two year,39,No,25.0,1004.35,Mailed check,Yes,No internet service,No internet service,0
6169-PPETC,0.0033,Lower Risk,No,Two year,35,No,20.5,759.35,Bank transfer (automatic),Yes,No internet service,No internet service,0
1716-LSAMB,0.0033,Lower Risk,No,Two year,45,DSL,54.65,2553.7,Bank transfer (automatic),Yes,Yes,Yes,0
7606-BPHHN,0.0032,Lower Risk,No,Two year,72,No,19.8,1468.75,Credit card (automatic),No,No internet service,No internet service,0
3910-MRQOY,0.0032,Lower Risk,No,Two year,72,No,19.4,1496.45,Bank transfer (automatic),No,No internet service,No internet service,0
4779-ZGICK,0.0032,Lower Risk,No,Two year,48,No,23.55,1173.35,Mailed check,Yes,No internet service,No internet service,0
5181-OABFK,0.0031,Lower Risk,No,Two year,56,DSL,61.3,3346.8,Credit card (automatic),Yes,Yes,No,0
5296-BFCYD,0.0031,Lower Risk,No,Two year,46,No,20.1,936.85,Mailed check,Yes,No internet service,No internet service,0
1927-QEWMY,0.0029,Lower Risk,No,Two year,72,No,20.5,1502.25,Credit card (automatic),No,No internet service,No internet service,0
0397-ZXWQF,0.0028,Lower Risk,No,Two year,67,No,20.5,1430.95,Bank transfer (automatic),No,No internet service,No internet service,0
0769-MURVM,0.0027,Lower Risk,No,Two year,72,DSL,65.7,4575.35,Bank transfer (automatic),Yes,Yes,Yes,0
3470-OBUET,0.0025,Lower Risk,No,Two year,67,DSL,74.0,4868.4,Credit card (automatic),Yes,Yes,Yes,0
6096-EGVTU,0.0025,Lower Risk,No,One year,64,No,24.9,1595.5,Mailed check,Yes,No internet service,No internet service,0
7515-LODFU,0.0025,Lower Risk,No,Two year,69,No,20.3,1356.3,Credit card (automatic),No,No internet service,No internet service,0
0562-FGDCR,0.0024,Lower Risk,No,Two year,72,DSL,74.55,5430.65,Mailed check,Yes,Yes,Yes,0
3580-GICBM,0.0024,Lower Risk,No,Two year,61,No,24.2,1445.2,Mailed check,Yes,No internet service,No internet service,0
5457-COLHT,0.0023,Lower Risk,No,Two year,69,DSL,80.65,5542.55,Bank transfer (automatic),Yes,Yes,Yes,0
8532-UEFWH,0.0023,Lower Risk,No,Two year,52,No,25.75,1345.85,Mailed check,Yes,No internet service,No internet service,0
3913-FCUUW,0.0021,Lower Risk,No,Two year,72,DSL,70.45,5165.7,Bank transfer (automatic),Yes,Yes,Yes,0
1709-EJDOX,0.0021,Lower Risk,No,Two year,47,No,19.75,948.9,Mailed check,Yes,No internet service,No internet service,0
3884-UEBXB,0.0021,Lower Risk,No,Two year,67,DSL,36.15,2434.45,Bank transfer (automatic),Yes,Yes,No,0
4742-TXUEX,0.0021,Lower Risk,No,Two year,47,No,19.3,890.5,Bank transfer (automatic),Yes,No internet service,No internet service,0
2230-XTUWL,0.0021,Lower Risk,No,Two year,48,No,19.55,883.35,Mailed check,Yes,No internet service,No internet service,0
3088-FVYWK,0.002,Lower Risk,No,Two year,53,No,25.55,1336.1,Credit card (automatic),Yes,No internet service,No internet service,0
6365-HITVU,0.002,Lower Risk,No,Two year,71,DSL,87.25,6328.7,Credit card (automatic),Yes,Yes,Yes,0
9114-DPSIA,0.002,Lower Risk,No,Two year,72,DSL,81.0,5750.0,Credit card (automatic),Yes,Yes,Yes,0
6248-BSHKG,0.002,Lower Risk,No,One year,61,No,20.4,1226.45,Mailed check,Yes,No internet service,No internet service,0
1697-LYYYX,0.0018,Lower Risk,No,One year,61,No,19.1,1143.8,Credit card (automatic),Yes,No internet service,No internet service,0
3511-BFTJW,0.0018,Lower Risk,No,Two year,72,DSL,38.5,2763.0,Credit card (automatic),Yes,Yes,No,0
3967-VQOGC,0.0017,Lower Risk,No,Two year,67,No,24.9,1680.25,Mailed check,Yes,No internet service,No internet service,0
1574-DYCWE,0.0017,Lower Risk,No,Two year,51,No,19.95,1028.75,Mailed check,Yes,No internet service,No internet service,0
1085-LDWAM,0.0017,Lower Risk,No,One year,69,No,20.35,1442.65,Credit card (automatic),Yes,No internet service,No internet service,0
4302-ZYFEL,0.0017,Lower Risk,No,One year,69,No,20.55,1403.1,Credit card (automatic),Yes,No internet service,No internet service,0
6340-DACFT,0.0016,Lower Risk,No,Two year,50,No,20.55,1070.25,Credit card (automatic),Yes,No internet service,No internet service,0
0463-TXOAK,0.0016,Lower Risk,No,Two year,52,No,25.6,1334.5,Credit card (automatic),Yes,No internet service,No internet service,0
6283-GITPX,0.0015,Lower Risk,No,Two year,71,DSL,76.9,5522.7,Credit card (automatic),Yes,Yes,Yes,0
2075-PUEPR,0.0014,Lower Risk,No,Two year,55,No,19.35,1153.25,Bank transfer (automatic),Yes,No internet service,No internet service,0
0040-HALCW,0.0014,Lower Risk,No,Two year,54,No,20.4,1090.6,Credit card (automatic),Yes,No internet service,No internet service,0
8129-GMVGI,0.0014,Lower Risk,No,Two year,56,No,20.05,1090.1,Mailed check,Yes,No internet service,No internet service,0
3563-SVYLG,0.0013,Lower Risk,No,Two year,68,DSL,62.65,4375.8,Credit card (automatic),Yes,Yes,Yes,0
9135-HSWOC,0.0013,Lower Risk,No,Two year,64,No,19.7,1274.05,Bank transfer (automatic),Yes,No internet service,No internet service,0
1820-DJFPH,0.0013,Lower Risk,No,Two year,72,No,24.05,1709.15,Bank transfer (automatic),Yes,No internet service,No internet service,0
8711-LOBKY,0.0012,Lower Risk,No,Two year,59,No,19.85,1188.25,Mailed check,Yes,No internet service,No internet service,0
7729-XBTWX,0.0012,Lower Risk,No,Two year,66,No,19.75,1344.5,Mailed check,Yes,No internet service,No internet service,0
9430-NKQLY,0.0012,Lower Risk,No,Two year,72,No,25.1,1790.8,Credit card (automatic),Yes,No internet service,No internet service,0
2346-LOCWC,0.0011,Lower Risk,No,Two year,58,No,20.5,1191.4,Credit card (automatic),Yes,No internet service,No internet service,0
7717-BICXI,0.0011,Lower Risk,No,Two year,60,No,20.55,1205.05,Mailed check,Yes,No internet service,No internet service,0
1830-IPXVJ,0.001,Lower Risk,No,Two year,61,No,19.75,1311.6,Credit card (automatic),Yes,No internet service,No internet service,0
0962-CQPWQ,0.0009,Lower Risk,No,Two year,62,No,20.3,1296.15,Bank transfer (automatic),Yes,No internet service,No internet service,0
2236-HILPA,0.0009,Lower Risk,No,Two year,62,No,20.65,1218.45,Credit card (automatic),Yes,No internet service,No internet service,0
1555-HAPSU,0.0009,Lower Risk,No,Two year,71,No,23.9,1663.5,Credit card (automatic),Yes,No internet service,No internet service,0
8165-ZJRNM,0.0009,Lower Risk,No,Two year,72,No,23.75,1679.25,Bank transfer (automatic),Yes,No internet service,No internet service,0
0174-QRVVY,0.0009,Lower Risk,No,Two year,71,No,25.35,1847.55,Credit card (automatic),Yes,No internet service,No internet service,0
0480-KYJVA,0.0009,Lower Risk,No,Two year,72,No,24.25,1784.5,Credit card (automatic),Yes,No internet service,No internet service,0
0402-OAMEN,0.0009,Lower Risk,No,Two year,72,No,24.45,1709.1,Bank transfer (automatic),Yes,No internet service,No internet service,0
8224-KDLKN,0.0008,Lower Risk,No,Two year,72,No,25.0,1738.9,Bank transfer (automatic),Yes,No internet service,No internet service,0
7157-SMCFK,0.0008,Lower Risk,No,Two year,61,No,19.75,1124.2,Mailed check,Yes,No internet service,No internet service,0
4821-WQOYN,0.0008,Lower Risk,No,Two year,72,No,20.1,1326.25,Credit card (automatic),Yes,No internet service,No internet service,0
9365-CSLBQ,0.0007,Lower Risk,No,Two year,71,No,24.35,1654.6,Mailed check,Yes,No internet service,No internet service,0
9537-JALFH,0.0007,Lower Risk,No,Two year,69,No,19.9,1356.7,Bank transfer (automatic),Yes,No internet service,No internet service,0
3642-BYHDO,0.0006,Lower Risk,No,Two year,71,No,19.9,1389.35,Bank transfer (automatic),Yes,No internet service,No internet service,0
1403-GYAFU,0.0006,Lower Risk,No,Two year,70,No,20.05,1360.25,Credit card (automatic),Yes,No internet service,No internet service,0
1166-PQLGG,0.0006,Lower Risk,No,Two year,72,No,19.55,1463.45,Bank transfer (automatic),Yes,No internet service,No internet service,0
4086-WITJG,0.0006,Lower Risk,No,Two year,71,No,19.7,1301.1,Credit card (automatic),Yes,No internet service,No internet service,0
0794-YVSGE,0.0006,Lower Risk,No,Two year,72,No,20.3,1401.15,Bank transfer (automatic),Yes,No internet service,No internet service,0
4277-BWBML,0.0006,Lower Risk,No,Two year,72,No,19.95,1322.85,Bank transfer (automatic),Yes,No internet service,No internet service,0
